project,test_name,label,loc,num_asserts,thread_sleep_count,has_thread_sleep,async_wait_count,has_async_wait,has_file_io,has_network_io,has_concurrency,num_test_methods,num_try_catch,has_setup_teardown,num_conditionals,has_random,has_system_time,num_annotations
activiti,org.activiti.engine.test.db.metadatatest.testmetadata,0,68,0,0,0,0,0,0,0,0,0,1,0,2,0,0,0
activiti,org.activiti.engine.test.json.jsontest.testdirectjsonpropertyaccess,0,206,50,0,0,0,0,0,0,0,0,0,0,3,0,0,4
activiti,org.activiti.engine.test.json.jsontest.testjsonarrayavailable,0,206,50,0,0,0,0,0,0,0,0,0,0,3,0,0,4
activiti,org.activiti.engine.test.json.jsontest.testjsonobjectavailable,0,206,50,0,0,0,0,0,0,0,0,0,0,3,0,0,4
activiti,org.activiti.spring.test.jpa.jpatest.testjpavariabledisapprovalpath,0,149,16,0,0,0,0,0,0,0,0,0,0,3,0,0,13
activiti,org.activiti.spring.test.jpa.jpatest.testjpavariablehappypath,0,149,16,0,0,0,0,0,0,0,0,0,0,3,0,0,13
ambari,org.apache.ambari.server.actionmanager.testactionmanager.testactionresponse,0,288,25,0,0,0,0,0,0,0,6,0,1,0,0,1,9
ambari,org.apache.ambari.server.actionmanager.testactionmanager.testlargelogs,0,288,25,0,0,0,0,0,0,0,6,0,1,0,0,1,9
ambari,org.apache.ambari.server.actionmanager.testactionscheduler.testactionschedule,0,2670,105,0,0,4,1,0,0,0,34,1,1,112,0,1,77
ambari,org.apache.ambari.server.actionmanager.testactionscheduler.testactiontimeout,0,2670,105,0,0,4,1,0,0,0,34,1,1,112,0,1,77
ambari,org.apache.ambari.server.actionmanager.testactionscheduler.testsuccesscriteria,0,2670,105,0,0,4,1,0,0,0,34,1,1,112,0,1,77
ambari,org.apache.ambari.server.actionmanager.testactionscheduler.testsuccessfactors,0,2670,105,0,0,4,1,0,0,0,34,1,1,112,0,1,77
ambari,org.apache.ambari.server.actionmanager.teststage.testtasktimeout,0,73,2,0,0,0,0,0,0,0,2,0,1,1,0,0,6
ambari,org.apache.ambari.server.agent.agenthostinfotest.testdeserializehostinfo,0,74,6,0,0,0,0,0,0,0,1,0,0,0,0,0,1
ambari,org.apache.ambari.server.agent.testheartbeathandler.testcommandreport,0,1390,87,0,0,0,0,1,0,0,24,5,1,3,0,1,46
ambari,org.apache.ambari.server.agent.testheartbeathandler.testheartbeat,0,1390,87,0,0,0,0,1,0,0,24,5,1,3,0,1,46
ambari,org.apache.ambari.server.agent.testheartbeathandler.testinvalidosregistration,0,1390,87,0,0,0,0,1,0,0,24,5,1,3,0,1,46
ambari,org.apache.ambari.server.agent.testheartbeathandler.testregisternewnode,0,1390,87,0,0,0,0,1,0,0,24,5,1,3,0,1,46
ambari,org.apache.ambari.server.agent.testheartbeathandler.testregistration,0,1390,87,0,0,0,0,1,0,0,24,5,1,3,0,1,46
ambari,org.apache.ambari.server.agent.testheartbeathandler.testregistrationpublichostname,0,1390,87,0,0,0,0,1,0,0,24,5,1,3,0,1,46
ambari,org.apache.ambari.server.agent.testheartbeathandler.testrequestid,0,1390,87,0,0,0,0,1,0,0,24,5,1,3,0,1,46
ambari,org.apache.ambari.server.agent.testheartbeathandler.teststatecommandsatregistration,0,1390,87,0,0,0,0,1,0,0,24,5,1,3,0,1,46
ambari,org.apache.ambari.server.agent.testheartbeathandler.teststatusheartbeat,0,1390,87,0,0,0,0,1,0,0,24,5,1,3,0,1,46
ambari,org.apache.ambari.server.agent.testheartbeathandler.testtaskinprogresshandling,0,1390,87,0,0,0,0,1,0,0,24,5,1,3,0,1,46
ambari,org.apache.ambari.server.agent.testheartbeatmonitor.testheartbeatloss,0,552,33,3,1,0,0,0,0,1,6,0,1,17,0,1,12
ambari,org.apache.ambari.server.agent.testheartbeatmonitor.testheartbeatstatecommandsenqueueing,1,552,33,3,1,0,0,0,0,1,6,0,1,17,0,1,12
ambari,org.apache.ambari.server.agent.testheartbeatmonitor.teststatecommandsgeneration,0,552,33,3,1,0,0,0,0,1,6,0,1,17,0,1,12
ambari,org.apache.ambari.server.api.handlers.createhandlertest.testhandlerequest__asynchronous,0,254,16,0,0,0,0,0,0,0,4,0,1,9,0,0,6
ambari,org.apache.ambari.server.api.handlers.createhandlertest.testhandlerequest__synchronous,0,254,16,0,0,0,0,0,0,0,4,0,1,9,0,0,6
ambari,org.apache.ambari.server.api.handlers.deletehandlertest.testhandlerequest__asynchronous,0,222,14,0,0,0,0,0,0,0,4,0,1,6,0,0,6
ambari,org.apache.ambari.server.api.handlers.deletehandlertest.testhandlerequest__synchronous,0,222,14,0,0,0,0,0,0,0,4,0,1,6,0,0,6
ambari,org.apache.ambari.server.api.handlers.querycreatehandlertest.testhandlerequest,0,631,16,0,0,0,0,0,0,0,6,0,0,3,0,0,10
ambari,org.apache.ambari.server.api.handlers.readhandlertest.testhandlerrequest,0,298,15,0,0,0,0,0,0,0,8,0,0,0,0,0,8
ambari,org.apache.ambari.server.api.handlers.updatehandlertest.testhandlerequest__asynchronous,0,201,13,0,0,0,0,0,0,0,3,0,1,6,0,0,5
ambari,org.apache.ambari.server.api.handlers.updatehandlertest.testhandlerequest__synchronous,0,201,13,0,0,0,0,0,0,0,3,0,1,6,0,0,5
ambari,org.apache.ambari.server.api.query.queryimpltest.testaddproperty__localcategory,0,812,150,0,0,0,0,0,0,0,21,1,0,3,0,0,22
ambari,org.apache.ambari.server.api.query.queryimpltest.testaddproperty__localcategorysubpropsonly,0,812,150,0,0,0,0,0,0,0,21,1,0,3,0,0,22
ambari,org.apache.ambari.server.api.query.queryimpltest.testaddproperty__localproperty,0,812,150,0,0,0,0,0,0,0,21,1,0,3,0,0,22
ambari,org.apache.ambari.server.api.query.queryimpltest.testaddproperty__localsubcategory,0,812,150,0,0,0,0,0,0,0,21,1,0,3,0,0,22
ambari,org.apache.ambari.server.api.query.queryimpltest.testaddproperty__subproperty,0,812,150,0,0,0,0,0,0,0,21,1,0,3,0,0,22
ambari,org.apache.ambari.server.api.query.queryimpltest.testexecute__collection_nonnullinternalpredicate_nonnulluserpredicate,0,812,150,0,0,0,0,0,0,0,21,1,0,3,0,0,22
ambari,org.apache.ambari.server.api.query.queryimpltest.testexecute__collection_nullinternalpredicate_nonnulluserpredicate,0,812,150,0,0,0,0,0,0,0,21,1,0,3,0,0,22
ambari,org.apache.ambari.server.api.query.queryimpltest.testexecute__collection_nullinternalpredicate_nulluserpredicate,0,812,150,0,0,0,0,0,0,0,21,1,0,3,0,0,22
ambari,org.apache.ambari.server.api.query.queryimpltest.testexecute__component_collection_nospecifiedprops,0,812,150,0,0,0,0,0,0,0,21,1,0,3,0,0,22
ambari,org.apache.ambari.server.api.query.queryimpltest.testexecute__component_instance_nospecifiedprops,0,812,150,0,0,0,0,0,0,0,21,1,0,3,0,0,22
ambari,org.apache.ambari.server.api.services.actionservicetest.testcreateactions,0,84,1,0,0,0,0,0,0,0,0,0,0,0,0,0,4
ambari,org.apache.ambari.server.api.services.actionservicetest.testgetactions,0,84,1,0,0,0,0,0,0,0,0,0,0,0,0,0,4
ambari,org.apache.ambari.server.api.services.ambarimetainfotest.getcomponentcategory,0,1799,460,3,1,0,0,1,1,1,68,7,1,118,0,1,74
ambari,org.apache.ambari.server.api.services.ambarimetainfotest.getcomponentsbyservice,0,1799,460,3,1,0,0,1,1,1,68,7,1,118,0,1,74
ambari,org.apache.ambari.server.api.services.ambarimetainfotest.getrepository,0,1799,460,3,1,0,0,1,1,1,68,7,1,118,0,1,74
ambari,org.apache.ambari.server.api.services.ambarimetainfotest.getserviceinfo,0,1799,460,3,1,0,0,1,1,1,68,7,1,118,0,1,74
ambari,org.apache.ambari.server.api.services.ambarimetainfotest.getservices,0,1799,460,3,1,0,0,1,1,1,68,7,1,118,0,1,74
ambari,org.apache.ambari.server.api.services.ambarimetainfotest.getsupportedconfigs,0,1799,460,3,1,0,0,1,1,1,68,7,1,118,0,1,74
ambari,org.apache.ambari.server.api.services.ambarimetainfotest.getsupportedservices,0,1799,460,3,1,0,0,1,1,1,68,7,1,118,0,1,74
ambari,org.apache.ambari.server.api.services.ambarimetainfotest.issupportedstack,0,1799,460,3,1,0,0,1,1,1,68,7,1,118,0,1,74
ambari,org.apache.ambari.server.api.services.ambarimetainfotest.isvalidservice,0,1799,460,3,1,0,0,1,1,1,68,7,1,118,0,1,74
ambari,org.apache.ambari.server.api.services.ambarimetainfotest.testgetrepos,0,1799,460,3,1,0,0,1,1,1,68,7,1,118,0,1,74
ambari,org.apache.ambari.server.api.services.ambarimetainfotest.testservicenameusingcomponentname,0,1799,460,3,1,0,0,1,1,1,68,7,1,118,0,1,74
ambari,org.apache.ambari.server.api.services.clusterservicetest.testcreatecluster,0,154,2,0,0,0,0,0,0,0,0,0,0,0,0,0,7
ambari,org.apache.ambari.server.api.services.clusterservicetest.testdeletecluster,0,154,2,0,0,0,0,0,0,0,0,0,0,0,0,0,7
ambari,org.apache.ambari.server.api.services.clusterservicetest.testgetcluster,0,154,2,0,0,0,0,0,0,0,0,0,0,0,0,0,7
ambari,org.apache.ambari.server.api.services.clusterservicetest.testgetclusters,0,154,2,0,0,0,0,0,0,0,0,0,0,0,0,0,7
ambari,org.apache.ambari.server.api.services.clusterservicetest.testupdatecluster,0,154,2,0,0,0,0,0,0,0,0,0,0,0,0,0,7
ambari,org.apache.ambari.server.api.services.componentservicetest.testcreatecomponent,0,101,3,0,0,0,0,0,0,0,0,0,0,0,0,0,4
ambari,org.apache.ambari.server.api.services.componentservicetest.testdeletecomponent,0,101,3,0,0,0,0,0,0,0,0,0,0,0,0,0,4
ambari,org.apache.ambari.server.api.services.componentservicetest.testgetcomponent,0,101,3,0,0,0,0,0,0,0,0,0,0,0,0,0,4
ambari,org.apache.ambari.server.api.services.componentservicetest.testgetcomponents,0,101,3,0,0,0,0,0,0,0,0,0,0,0,0,0,4
ambari,org.apache.ambari.server.api.services.componentservicetest.testupdatecomponent,0,101,3,0,0,0,0,0,0,0,0,0,0,0,0,0,4
ambari,org.apache.ambari.server.api.services.componentservicetest.testupdatecomponents,0,101,3,0,0,0,0,0,0,0,0,0,0,0,0,0,4
ambari,org.apache.ambari.server.api.services.configurationservicetest.testcreateconfiguration,0,67,1,0,0,0,0,0,0,0,0,0,0,0,0,0,4
ambari,org.apache.ambari.server.api.services.hostcomponentservicetest.testcreatehostcomponent,0,101,3,0,0,0,0,0,0,0,0,0,0,0,0,0,4
ambari,org.apache.ambari.server.api.services.hostcomponentservicetest.testdeletehostcomponent,0,101,3,0,0,0,0,0,0,0,0,0,0,0,0,0,4
ambari,org.apache.ambari.server.api.services.hostcomponentservicetest.testgethostcomponent,0,101,3,0,0,0,0,0,0,0,0,0,0,0,0,0,4
ambari,org.apache.ambari.server.api.services.hostcomponentservicetest.testgethostcomponents,0,101,3,0,0,0,0,0,0,0,0,0,0,0,0,0,4
ambari,org.apache.ambari.server.api.services.hostcomponentservicetest.testupdatehostcomponent,0,101,3,0,0,0,0,0,0,0,0,0,0,0,0,0,4
ambari,org.apache.ambari.server.api.services.hostcomponentservicetest.testupdatehostcomponents,0,101,3,0,0,0,0,0,0,0,0,0,0,0,0,0,4
ambari,org.apache.ambari.server.api.services.hostservicetest.testcreatehost,0,98,2,0,0,0,0,0,0,0,0,0,0,0,0,0,4
ambari,org.apache.ambari.server.api.services.hostservicetest.testcreatehosts,0,98,2,0,0,0,0,0,0,0,0,0,0,0,0,0,4
ambari,org.apache.ambari.server.api.services.hostservicetest.testdeletehost,0,98,2,0,0,0,0,0,0,0,0,0,0,0,0,0,4
ambari,org.apache.ambari.server.api.services.hostservicetest.testgethost,0,98,2,0,0,0,0,0,0,0,0,0,0,0,0,0,4
ambari,org.apache.ambari.server.api.services.hostservicetest.testgethosts,0,98,2,0,0,0,0,0,0,0,0,0,0,0,0,0,4
ambari,org.apache.ambari.server.api.services.hostservicetest.testupdatehost,0,98,2,0,0,0,0,0,0,0,0,0,0,0,0,0,4
ambari,org.apache.ambari.server.api.services.hostservicetest.testupdatehosts,0,98,2,0,0,0,0,0,0,0,0,0,0,0,0,0,4
ambari,org.apache.ambari.server.api.services.persistkeyvalueimpltest.teststore,0,88,8,0,0,0,0,0,0,1,2,0,1,5,0,0,5
ambari,org.apache.ambari.server.api.services.persistservicetest.testpersist,0,88,7,0,0,0,0,0,0,0,1,0,1,0,0,0,8
ambari,org.apache.ambari.server.api.services.serviceservicetest.testcreateservice,0,147,5,0,0,0,0,0,0,0,0,0,0,0,0,0,5
ambari,org.apache.ambari.server.api.services.serviceservicetest.testdeleteservice,0,147,5,0,0,0,0,0,0,0,0,0,0,0,0,0,5
ambari,org.apache.ambari.server.api.services.serviceservicetest.testgetservice,0,147,5,0,0,0,0,0,0,0,0,0,0,0,0,0,5
ambari,org.apache.ambari.server.api.services.serviceservicetest.testgetservices,0,147,5,0,0,0,0,0,0,0,0,0,0,0,0,0,5
ambari,org.apache.ambari.server.api.services.serviceservicetest.testupdateservice,0,147,5,0,0,0,0,0,0,0,0,0,0,0,0,0,5
ambari,org.apache.ambari.server.api.services.serviceservicetest.testupdateservices,0,147,5,0,0,0,0,0,0,0,0,0,0,0,0,0,5
ambari,org.apache.ambari.server.bootstrap.bootstrapresourcetest.bootstrapget,0,121,2,0,0,0,0,0,1,0,2,1,0,0,0,0,5
ambari,org.apache.ambari.server.bootstrap.bootstrapresourcetest.bootstrappost,0,121,2,0,0,0,0,0,1,0,2,1,0,0,0,0,5
ambari,org.apache.ambari.server.bootstrap.bootstraptest.testpolling,0,217,15,4,1,1,1,1,0,1,3,0,1,7,0,0,7
ambari,org.apache.ambari.server.bootstrap.bootstraptest.testrun,1,217,15,4,1,1,1,1,0,1,3,0,1,7,0,0,7
ambari,org.apache.ambari.server.controller.clusterrequesttest.testbasicgetandset,0,52,6,0,0,0,0,0,0,0,2,0,0,0,0,0,2
ambari,org.apache.ambari.server.controller.clusterrequesttest.testtostring,0,52,6,0,0,0,0,0,0,0,2,0,0,0,0,0,2
ambari,org.apache.ambari.server.controller.clusterresponsetest.testbasicgetandset,0,50,6,0,0,0,0,0,0,0,2,0,0,0,0,0,2
ambari,org.apache.ambari.server.controller.clusterresponsetest.testtostring,0,50,6,0,0,0,0,0,0,0,2,0,0,0,0,0,2
ambari,org.apache.ambari.server.controller.internal.requestimpltest.testgetpropertyids,0,244,125,0,0,0,0,0,0,0,3,1,1,1,0,0,4
ambari,org.apache.ambari.server.controller.internal.resourceimpltest.testgettype,0,146,40,0,0,0,0,0,0,0,6,0,0,4,0,0,6
ambari,org.apache.ambari.server.controller.internal.resourceimpltest.testsetgetproperty,0,146,40,0,0,0,0,0,0,0,6,0,0,4,0,0,6
ambari,org.apache.ambari.server.controller.internal.schemaimpltest.testgetcategories,0,154,20,0,0,0,0,0,0,0,2,0,0,2,0,0,10
ambari,org.apache.ambari.server.controller.internal.schemaimpltest.testgetkeypropertyid,0,154,20,0,0,0,0,0,0,0,2,0,0,2,0,0,10
ambari,org.apache.ambari.server.controller.predicate.andpredicatetest.testapply,0,61,6,0,0,0,0,0,0,0,2,0,0,0,0,0,2
ambari,org.apache.ambari.server.controller.predicate.andpredicatetest.testgetproperties,0,61,6,0,0,0,0,0,0,0,2,0,0,0,0,0,2
ambari,org.apache.ambari.server.controller.predicate.notpredicatetest.testapply,0,48,4,0,0,0,0,0,0,0,2,0,0,0,0,0,2
ambari,org.apache.ambari.server.controller.predicate.notpredicatetest.testgetproperties,0,48,4,0,0,0,0,0,0,0,2,0,0,0,0,0,2
ambari,org.apache.ambari.server.controller.predicate.orpredicatetest.testapply,0,61,6,0,0,0,0,0,0,0,2,0,0,0,0,0,2
ambari,org.apache.ambari.server.controller.predicate.orpredicatetest.testgetproperties,0,61,6,0,0,0,0,0,0,0,2,0,0,0,0,0,2
ambari,org.apache.ambari.server.orm.testormimpl.testaborthostrolecommands,0,331,16,0,0,0,0,0,0,1,11,0,1,4,0,0,28
ambari,org.apache.ambari.server.orm.testormimpl.testautoincrementedfield,0,331,16,0,0,0,0,0,0,1,11,0,1,4,0,0,28
ambari,org.apache.ambari.server.orm.testormimpl.testcascaderemovefail,0,331,16,0,0,0,0,0,0,1,11,0,1,4,0,0,28
ambari,org.apache.ambari.server.orm.testormimpl.testconcurrentmodification,0,331,16,0,0,0,0,0,0,1,11,0,1,4,0,0,28
ambari,org.apache.ambari.server.orm.testormimpl.testemptypersistentcollection,0,331,16,0,0,0,0,0,0,1,11,0,1,4,0,0,28
ambari,org.apache.ambari.server.orm.testormimpl.testfindhostsbystage,0,331,16,0,0,0,0,0,0,1,11,0,1,4,0,0,28
ambari,org.apache.ambari.server.orm.testormimpl.testfindstagebyhostrole,0,331,16,0,0,0,0,0,0,1,11,0,1,4,0,0,28
ambari,org.apache.ambari.server.orm.testormimpl.testlastrequestid,0,331,16,0,0,0,0,0,0,1,11,0,1,4,0,0,28
ambari,org.apache.ambari.server.orm.testormimpl.testrollbackexception,0,331,16,0,0,0,0,0,0,1,11,0,1,4,0,0,28
ambari,org.apache.ambari.server.orm.testormimpl.testsaferollback,0,331,16,0,0,0,0,0,0,1,11,0,1,4,0,0,28
ambari,org.apache.ambari.server.orm.testormimpl.testsortedcommands,0,331,16,0,0,0,0,0,0,1,11,0,1,4,0,0,28
ambari,org.apache.ambari.server.resources.testresources.testgetresource,0,98,2,0,0,0,0,1,0,0,1,2,1,0,0,0,7
ambari,org.apache.ambari.server.security.certgenerationtest.testservercertgen,0,175,9,0,0,0,0,1,0,0,5,3,1,3,1,0,12
ambari,org.apache.ambari.server.security.certgenerationtest.testserverkeygen,0,175,9,0,0,0,0,1,0,0,5,3,1,3,1,0,12
ambari,org.apache.ambari.server.security.certgenerationtest.testserverkeystoregen,0,175,9,0,0,0,0,1,0,0,5,3,1,3,1,0,12
ambari,org.apache.ambari.server.security.sslexecutiontest.testssllogging,0,96,1,0,0,0,0,0,0,0,1,2,1,0,0,0,5
ambari,org.apache.ambari.server.security.authorization.testusers.testgetallusers,0,512,116,0,0,0,0,0,0,0,15,10,1,2,0,0,27
ambari,org.apache.ambari.server.security.authorization.testusers.testmodifypassword,0,512,116,0,0,0,0,0,0,0,15,10,1,2,0,0,27
ambari,org.apache.ambari.server.security.authorization.testusers.testpromoteuser,0,512,116,0,0,0,0,0,0,0,15,10,1,2,0,0,27
ambari,org.apache.ambari.server.stageplanner.teststageplanner.testmanystages,0,415,10,0,0,0,0,0,0,0,9,4,1,5,0,1,15
ambari,org.apache.ambari.server.stageplanner.teststageplanner.testmultistageplan,0,415,10,0,0,0,0,0,0,0,9,4,1,5,0,1,15
ambari,org.apache.ambari.server.stageplanner.teststageplanner.testsinglestageplan,0,415,10,0,0,0,0,0,0,0,9,4,1,5,0,1,15
ambari,org.apache.ambari.server.state.servicecomponenttest.testaddandgetservicecomponenthosts,0,473,74,0,0,0,0,0,0,0,10,2,1,3,0,0,12
ambari,org.apache.ambari.server.state.servicecomponenttest.testconverttoresponse,0,473,74,0,0,0,0,0,0,0,10,2,1,3,0,0,12
ambari,org.apache.ambari.server.state.servicecomponenttest.testcreateservicecomponent,0,473,74,0,0,0,0,0,0,0,10,2,1,3,0,0,12
ambari,org.apache.ambari.server.state.servicecomponenttest.testgetandsetconfigs,0,473,74,0,0,0,0,0,0,0,10,2,1,3,0,0,12
ambari,org.apache.ambari.server.state.servicecomponenttest.testgetandsetservicecomponentinfo,0,473,74,0,0,0,0,0,0,0,10,2,1,3,0,0,12
ambari,org.apache.ambari.server.state.servicetest.testaddandgetservicecomponents,0,349,54,0,0,0,0,0,0,0,9,1,1,5,0,0,11
ambari,org.apache.ambari.server.state.servicetest.testconverttoresponse,0,349,54,0,0,0,0,0,0,0,9,1,1,5,0,0,11
ambari,org.apache.ambari.server.state.servicetest.testcreateservice,0,349,54,0,0,0,0,0,0,0,9,1,1,5,0,0,11
ambari,org.apache.ambari.server.state.servicetest.testgetandsetconfigs,0,349,54,0,0,0,0,0,0,0,9,1,1,5,0,0,11
ambari,org.apache.ambari.server.state.servicetest.testgetandsetserviceinfo,0,349,54,0,0,0,0,0,0,0,9,1,1,5,0,0,11
ambari,org.apache.ambari.server.state.action.jobtest.completenewjob,0,120,12,0,0,0,0,0,0,0,7,0,0,1,0,1,7
ambari,org.apache.ambari.server.state.action.jobtest.failnewjob,0,120,12,0,0,0,0,0,0,0,7,0,0,1,0,1,7
ambari,org.apache.ambari.server.state.action.jobtest.reinitcompletedjob,0,120,12,0,0,0,0,0,0,0,7,0,0,1,0,1,7
ambari,org.apache.ambari.server.state.action.jobtest.testjobfailedcompletion,0,120,12,0,0,0,0,0,0,0,7,0,0,1,0,1,7
ambari,org.apache.ambari.server.state.action.jobtest.testjobprogressupdates,0,120,12,0,0,0,0,0,0,0,7,0,0,1,0,1,7
ambari,org.apache.ambari.server.state.action.jobtest.testjobsuccessfulcompletion,0,120,12,0,0,0,0,0,0,0,7,0,0,1,0,1,7
ambari,org.apache.ambari.server.state.action.jobtest.testnewjob,0,120,12,0,0,0,0,0,0,0,7,0,0,1,0,1,7
ambari,org.apache.ambari.server.state.cluster.clusterstest.testaddandgetcluster,0,514,51,0,0,0,0,0,0,0,9,9,1,2,0,1,16
ambari,org.apache.ambari.server.state.cluster.clusterstest.testaddandgethost,0,514,51,0,0,0,0,0,0,0,9,9,1,2,0,1,16
ambari,org.apache.ambari.server.state.cluster.clusterstest.testclusterhostmapping,0,514,51,0,0,0,0,0,0,0,9,9,1,2,0,1,16
ambari,org.apache.ambari.server.state.cluster.clusterstest.testdebugdump,0,514,51,0,0,0,0,0,0,0,9,9,1,2,0,1,16
ambari,org.apache.ambari.server.state.cluster.clusterstest.testgetinvalidcluster,0,514,51,0,0,0,0,0,0,0,9,9,1,2,0,1,16
ambari,org.apache.ambari.server.state.cluster.clustertest.testaddandgetservices,0,1892,263,5,1,0,0,0,0,1,35,6,1,42,0,1,40
ambari,org.apache.ambari.server.state.cluster.clustertest.testaddhost,0,1892,263,5,1,0,0,0,0,1,35,6,1,42,0,1,40
ambari,org.apache.ambari.server.state.cluster.clustertest.testbasicclustersetup,0,1892,263,5,1,0,0,0,0,1,35,6,1,42,0,1,40
ambari,org.apache.ambari.server.state.cluster.clustertest.testconverttoresponse,0,1892,263,5,1,0,0,0,0,1,35,6,1,42,0,1,40
ambari,org.apache.ambari.server.state.cluster.clustertest.testgetandsetconfigs,0,1892,263,5,1,0,0,0,0,1,35,6,1,42,0,1,40
ambari,org.apache.ambari.server.state.cluster.clustertest.testgethoststate,0,1892,263,5,1,0,0,0,0,1,35,6,1,42,0,1,40
ambari,org.apache.ambari.server.state.cluster.clustertest.testgetservicecomponenthosts,0,1892,263,5,1,0,0,0,0,1,35,6,1,42,0,1,40
ambari,org.apache.ambari.server.state.cluster.clustertest.testhostevent,0,1892,263,5,1,0,0,0,0,1,35,6,1,42,0,1,40
ambari,org.apache.ambari.server.state.cluster.clustertest.testsethoststate,0,1892,263,5,1,0,0,0,0,1,35,6,1,42,0,1,40
ambari,org.apache.ambari.server.state.host.hosttest.testhostfsminit,0,387,44,0,0,0,0,0,0,0,9,5,1,3,0,1,11
ambari,org.apache.ambari.server.state.host.hosttest.testhostheartbeatflow,0,387,44,0,0,0,0,0,0,0,9,5,1,3,0,1,11
ambari,org.apache.ambari.server.state.host.hosttest.testhostinfoimport,0,387,44,0,0,0,0,0,0,0,9,5,1,3,0,1,11
ambari,org.apache.ambari.server.state.host.hosttest.testhostos,0,387,44,0,0,0,0,0,0,0,9,5,1,3,0,1,11
ambari,org.apache.ambari.server.state.host.hosttest.testhostregistrationflow,0,387,44,0,0,0,0,0,0,0,9,5,1,3,0,1,11
ambari,org.apache.ambari.server.state.host.hosttest.testhostregistrationsinanystate,0,387,44,0,0,0,0,0,0,0,9,5,1,3,0,1,11
commons-exec,org.apache.commons.exec.commandlinetest.testaddargument,0,396,84,0,0,0,0,1,0,0,34,0,0,0,0,0,34
commons-exec,org.apache.commons.exec.commandlinetest.testaddarguments,0,396,84,0,0,0,0,1,0,0,34,0,0,0,0,0,34
commons-exec,org.apache.commons.exec.commandlinetest.testaddargumentsarray,0,396,84,0,0,0,0,1,0,0,34,0,0,0,0,0,34
commons-exec,org.apache.commons.exec.commandlinetest.testaddargumentsarraynull,0,396,84,0,0,0,0,1,0,0,34,0,0,0,0,0,34
commons-exec,org.apache.commons.exec.commandlinetest.testaddargumentswithquotes,0,396,84,0,0,0,0,1,0,0,34,0,0,0,0,0,34
commons-exec,org.apache.commons.exec.commandlinetest.testaddargumentswithquotesandspaces,0,396,84,0,0,0,0,1,0,0,34,0,0,0,0,0,34
commons-exec,org.apache.commons.exec.commandlinetest.testaddargumentwithbothquotes,0,396,84,0,0,0,0,1,0,0,34,0,0,0,0,0,34
commons-exec,org.apache.commons.exec.commandlinetest.testaddargumentwithquote,0,396,84,0,0,0,0,1,0,0,34,0,0,0,0,0,34
commons-exec,org.apache.commons.exec.commandlinetest.testaddargumentwithquotesaround,0,396,84,0,0,0,0,1,0,0,34,0,0,0,0,0,34
commons-exec,org.apache.commons.exec.commandlinetest.testaddargumentwithsinglequote,0,396,84,0,0,0,0,1,0,0,34,0,0,0,0,0,34
commons-exec,org.apache.commons.exec.commandlinetest.testaddargumentwithspace,0,396,84,0,0,0,0,1,0,0,34,0,0,0,0,0,34
commons-exec,org.apache.commons.exec.commandlinetest.testaddnullargument,0,396,84,0,0,0,0,1,0,0,34,0,0,0,0,0,34
commons-exec,org.apache.commons.exec.commandlinetest.testcommandlineparsingwithexpansion,0,396,84,0,0,0,0,1,0,0,34,0,0,0,0,0,34
commons-exec,org.apache.commons.exec.commandlinetest.testcomplexaddargument,0,396,84,0,0,0,0,1,0,0,34,0,0,0,0,0,34
commons-exec,org.apache.commons.exec.commandlinetest.testcomplexaddarguments1,0,396,84,0,0,0,0,1,0,0,34,0,0,0,0,0,34
commons-exec,org.apache.commons.exec.commandlinetest.testcomplexaddarguments2,0,396,84,0,0,0,0,1,0,0,34,0,0,0,0,0,34
commons-exec,org.apache.commons.exec.commandlinetest.testexecutable,0,396,84,0,0,0,0,1,0,0,34,0,0,0,0,0,34
commons-exec,org.apache.commons.exec.commandlinetest.testexecutablewhitespacestring,0,396,84,0,0,0,0,1,0,0,34,0,0,0,0,0,34
commons-exec,org.apache.commons.exec.commandlinetest.testexecutablezerolengthstring,0,396,84,0,0,0,0,1,0,0,34,0,0,0,0,0,34
commons-exec,org.apache.commons.exec.commandlinetest.testnullexecutable,0,396,84,0,0,0,0,1,0,0,34,0,0,0,0,0,34
commons-exec,org.apache.commons.exec.commandlinetest.testparse,0,396,84,0,0,0,0,1,0,0,34,0,0,0,0,0,34
commons-exec,org.apache.commons.exec.commandlinetest.testparsewithnull,0,396,84,0,0,0,0,1,0,0,34,0,0,0,0,0,34
commons-exec,org.apache.commons.exec.commandlinetest.testparsewithonlywhitespace,0,396,84,0,0,0,0,1,0,0,34,0,0,0,0,0,34
commons-exec,org.apache.commons.exec.commandlinetest.testparsewithquotes,0,396,84,0,0,0,0,1,0,0,34,0,0,0,0,0,34
commons-exec,org.apache.commons.exec.commandlinetest.testparsewithunevenquotes,0,396,84,0,0,0,0,1,0,0,34,0,0,0,0,0,34
commons-exec,org.apache.commons.exec.defaultexecutortest.testexecute,0,667,87,4,1,6,1,1,0,1,32,5,1,7,0,0,40
commons-exec,org.apache.commons.exec.defaultexecutortest.testexecuteasync,0,667,87,4,1,6,1,1,0,1,32,5,1,7,0,0,40
commons-exec,org.apache.commons.exec.defaultexecutortest.testexecuteasyncwitherror,0,667,87,4,1,6,1,1,0,1,32,5,1,7,0,0,40
commons-exec,org.apache.commons.exec.defaultexecutortest.testexecuteasyncwithnonexistingapplication,0,667,87,4,1,6,1,1,0,1,32,5,1,7,0,0,40
commons-exec,org.apache.commons.exec.defaultexecutortest.testexecuteasyncwithprocessdestroyer,1,667,87,4,1,6,1,1,0,1,32,5,1,7,0,0,40
commons-exec,org.apache.commons.exec.defaultexecutortest.testexecuteasyncwithtimelyusertermination,0,667,87,4,1,6,1,1,0,1,32,5,1,7,0,0,40
commons-exec,org.apache.commons.exec.defaultexecutortest.testexecuteasyncwithtoolateusertermination,0,667,87,4,1,6,1,1,0,1,32,5,1,7,0,0,40
commons-exec,org.apache.commons.exec.defaultexecutortest.testexecutenonexistingapplication,0,667,87,4,1,6,1,1,0,1,32,5,1,7,0,0,40
commons-exec,org.apache.commons.exec.defaultexecutortest.testexecutestability,0,667,87,4,1,6,1,1,0,1,32,5,1,7,0,0,40
commons-exec,org.apache.commons.exec.defaultexecutortest.testexecutewatchdog,0,667,87,4,1,6,1,1,0,1,32,5,1,7,0,0,40
commons-exec,org.apache.commons.exec.defaultexecutortest.testexecutewitharg,0,667,87,4,1,6,1,1,0,1,32,5,1,7,0,0,40
commons-exec,org.apache.commons.exec.defaultexecutortest.testexecutewithcustomexitvalue1,0,667,87,4,1,6,1,1,0,1,32,5,1,7,0,0,40
commons-exec,org.apache.commons.exec.defaultexecutortest.testexecutewithcustomexitvalue2,0,667,87,4,1,6,1,1,0,1,32,5,1,7,0,0,40
commons-exec,org.apache.commons.exec.defaultexecutortest.testexecutewithenv,0,667,87,4,1,6,1,1,0,1,32,5,1,7,0,0,40
commons-exec,org.apache.commons.exec.defaultexecutortest.testexecutewitherror,0,667,87,4,1,6,1,1,0,1,32,5,1,7,0,0,40
commons-exec,org.apache.commons.exec.defaultexecutortest.testexecutewithinvalidworkingdirectory,0,667,87,4,1,6,1,1,0,1,32,5,1,7,0,0,40
commons-exec,org.apache.commons.exec.defaultexecutortest.testexecutewithprocessdestroyer,0,667,87,4,1,6,1,1,0,1,32,5,1,7,0,0,40
commons-exec,org.apache.commons.exec.defaultexecutortest.testexecutewithworkingdirectory,0,667,87,4,1,6,1,1,0,1,32,5,1,7,0,0,40
commons-exec,org.apache.commons.exec.util.maputiltest.testcopymap,0,67,9,0,0,0,0,0,0,0,3,0,0,0,0,0,3
commons-exec,org.apache.commons.exec.util.maputiltest.testmergemap,0,67,9,0,0,0,0,0,0,0,3,0,0,0,0,0,3
commons-exec,org.apache.commons.exec.util.maputiltest.testprefixmap,0,67,9,0,0,0,0,0,0,0,3,0,0,0,0,0,3
hbase,org.apache.hadoop.hbase.testfulllogreconstruction.testreconstruction,0,93,2,0,0,0,0,0,0,0,1,0,1,1,0,0,7
hbase,org.apache.hadoop.hbase.testinfoservers.testinfoserversareup,1,133,13,0,0,0,0,0,1,0,4,0,1,1,0,0,8
hbase,org.apache.hadoop.hbase.testregionrebalancing.testrebalancing,1,252,20,3,1,0,0,0,0,1,0,3,1,15,0,0,6
hbase,org.apache.hadoop.hbase.testserialization.testcomparefilter,0,279,30,0,0,0,0,0,0,0,8,3,0,5,0,0,10
hbase,org.apache.hadoop.hbase.testserialization.testdelete,0,279,30,0,0,0,0,0,0,0,8,3,0,5,0,0,10
hbase,org.apache.hadoop.hbase.testserialization.testget,0,279,30,0,0,0,0,0,0,0,8,3,0,5,0,0,10
hbase,org.apache.hadoop.hbase.testserialization.testhbasemapwritable,0,279,30,0,0,0,0,0,0,0,8,3,0,5,0,0,10
hbase,org.apache.hadoop.hbase.testserialization.testhmsg,0,279,30,0,0,0,0,0,0,0,8,3,0,5,0,0,10
hbase,org.apache.hadoop.hbase.testserialization.testkeyvalue,0,279,30,0,0,0,0,0,0,0,8,3,0,5,0,0,10
hbase,org.apache.hadoop.hbase.testserialization.testkeyvalue2,0,279,30,0,0,0,0,0,0,0,8,3,0,5,0,0,10
hbase,org.apache.hadoop.hbase.testserialization.testput,0,279,30,0,0,0,0,0,0,0,8,3,0,5,0,0,10
hbase,org.apache.hadoop.hbase.testserialization.testput2,0,279,30,0,0,0,0,0,0,0,8,3,0,5,0,0,10
hbase,org.apache.hadoop.hbase.testserialization.testregioninfo,0,279,30,0,0,0,0,0,0,0,8,3,0,5,0,0,10
hbase,org.apache.hadoop.hbase.testserialization.testresult,0,279,30,0,0,0,0,0,0,0,8,3,0,5,0,0,10
hbase,org.apache.hadoop.hbase.testserialization.testresultarray,0,279,30,0,0,0,0,0,0,0,8,3,0,5,0,0,10
hbase,org.apache.hadoop.hbase.testserialization.testresultarrayempty,0,279,30,0,0,0,0,0,0,0,8,3,0,5,0,0,10
hbase,org.apache.hadoop.hbase.testserialization.testresultdynamicbuild,0,279,30,0,0,0,0,0,0,0,8,3,0,5,0,0,10
hbase,org.apache.hadoop.hbase.testserialization.testresultempty,0,279,30,0,0,0,0,0,0,0,8,3,0,5,0,0,10
hbase,org.apache.hadoop.hbase.testserialization.testscan,0,279,30,0,0,0,0,0,0,0,8,3,0,5,0,0,10
hbase,org.apache.hadoop.hbase.testserialization.testserverinfo,0,279,30,0,0,0,0,0,0,0,8,3,0,5,0,0,10
hbase,org.apache.hadoop.hbase.testserialization.testtabledescriptor,0,279,30,0,0,0,0,0,0,0,8,3,0,5,0,0,10
hbase,org.apache.hadoop.hbase.testzookeeper.testclientsessionexpired,0,267,5,0,0,2,1,0,0,0,5,0,1,6,0,0,13
hbase,org.apache.hadoop.hbase.testzookeeper.testmastersessionexpired,0,267,5,0,0,2,1,0,0,0,5,0,1,6,0,0,13
hbase,org.apache.hadoop.hbase.testzookeeper.testmultiplezk,0,267,5,0,0,2,1,0,0,0,5,0,1,6,0,0,13
hbase,org.apache.hadoop.hbase.testzookeeper.testregionserversessionexpired,1,267,5,0,0,2,1,0,0,0,5,0,1,6,0,0,13
hbase,org.apache.hadoop.hbase.client.testadmin.testcreatebadtables,1,514,86,0,0,0,0,0,0,0,15,6,0,6,0,1,17
hbase,org.apache.hadoop.hbase.client.testadmin.testcreatetable,1,514,86,0,0,0,0,0,0,0,15,6,0,6,0,1,17
hbase,org.apache.hadoop.hbase.client.testadmin.testcreatetablewithregions,1,514,86,0,0,0,0,0,0,0,15,6,0,6,0,1,17
hbase,org.apache.hadoop.hbase.client.testadmin.testdisableandenabletable,0,514,86,0,0,0,0,0,0,0,15,6,0,6,0,1,17
hbase,org.apache.hadoop.hbase.client.testadmin.testemptyhhtabledescriptor,0,514,86,0,0,0,0,0,0,0,15,6,0,6,0,1,17
hbase,org.apache.hadoop.hbase.client.testadmin.testenabledisableaddcolumndeletecolumn,1,514,86,0,0,0,0,0,0,0,15,6,0,6,0,1,17
hbase,org.apache.hadoop.hbase.client.testadmin.testforcesplit,1,514,86,0,0,0,0,0,0,0,15,6,0,6,0,1,17
hbase,org.apache.hadoop.hbase.client.testadmin.testgettabledescriptor,1,514,86,0,0,0,0,0,0,0,15,6,0,6,0,1,17
hbase,org.apache.hadoop.hbase.client.testadmin.testhundredsoftable,1,514,86,0,0,0,0,0,0,0,15,6,0,6,0,1,17
hbase,org.apache.hadoop.hbase.client.testadmin.testreadonlytable,1,514,86,0,0,0,0,0,0,0,15,6,0,6,0,1,17
hbase,org.apache.hadoop.hbase.client.testadmin.testtableexist,0,514,86,0,0,0,0,0,0,0,15,6,0,6,0,1,17
hbase,org.apache.hadoop.hbase.client.testadmin.testtablenameclash,1,514,86,0,0,0,0,0,0,0,15,6,0,6,0,1,17
hbase,org.apache.hadoop.hbase.client.testadmin.testtablenames,0,514,86,0,0,0,0,0,0,0,15,6,0,6,0,1,17
hbase,org.apache.hadoop.hbase.client.testadmin.testtablenotfoundexceptionwithatable,1,514,86,0,0,0,0,0,0,0,15,6,0,6,0,1,17
hbase,org.apache.hadoop.hbase.client.testadmin.testtablenotfoundexceptionwithoutanytables,0,514,86,0,0,0,0,0,0,0,15,6,0,6,0,1,17
hbase,org.apache.hadoop.hbase.client.testfromclientside.testaddkeyvalue,0,1680,171,0,0,0,0,0,0,0,26,4,1,19,0,0,37
hbase,org.apache.hadoop.hbase.client.testfromclientside.testdeletes,1,1680,171,0,0,0,0,0,0,0,26,4,1,19,0,0,37
hbase,org.apache.hadoop.hbase.client.testfromclientside.testfilteracrossmutlipleregions,0,1680,171,0,0,0,0,0,0,0,26,4,1,19,0,0,37
hbase,org.apache.hadoop.hbase.client.testfromclientside.testfilters,1,1680,171,0,0,0,0,0,0,0,26,4,1,19,0,0,37
hbase,org.apache.hadoop.hbase.client.testfromclientside.testget_emptytable,1,1680,171,0,0,0,0,0,0,0,26,4,1,19,0,0,37
hbase,org.apache.hadoop.hbase.client.testfromclientside.testget_nonexistentrow,1,1680,171,0,0,0,0,0,0,0,26,4,1,19,0,0,37
hbase,org.apache.hadoop.hbase.client.testfromclientside.testgetclosestrowbefore,1,1680,171,0,0,0,0,0,0,0,26,4,1,19,0,0,37
hbase,org.apache.hadoop.hbase.client.testfromclientside.testgetconfiguration,0,1680,171,0,0,0,0,0,0,0,26,4,1,19,0,0,37
hbase,org.apache.hadoop.hbase.client.testfromclientside.testhbase737,1,1680,171,0,0,0,0,0,0,0,26,4,1,19,0,0,37
hbase,org.apache.hadoop.hbase.client.testfromclientside.testjiratest1014,1,1680,171,0,0,0,0,0,0,0,26,4,1,19,0,0,37
hbase,org.apache.hadoop.hbase.client.testfromclientside.testjiratest1182,1,1680,171,0,0,0,0,0,0,0,26,4,1,19,0,0,37
hbase,org.apache.hadoop.hbase.client.testfromclientside.testjiratest33,1,1680,171,0,0,0,0,0,0,0,26,4,1,19,0,0,37
hbase,org.apache.hadoop.hbase.client.testfromclientside.testjiratest52,1,1680,171,0,0,0,0,0,0,0,26,4,1,19,0,0,37
hbase,org.apache.hadoop.hbase.client.testfromclientside.testjiratest861,1,1680,171,0,0,0,0,0,0,0,26,4,1,19,0,0,37
hbase,org.apache.hadoop.hbase.client.testfromclientside.testjiratest867,1,1680,171,0,0,0,0,0,0,0,26,4,1,19,0,0,37
hbase,org.apache.hadoop.hbase.client.testfromclientside.testlisttables,1,1680,171,0,0,0,0,0,0,0,26,4,1,19,0,0,37
hbase,org.apache.hadoop.hbase.client.testfromclientside.testmaxkeyvaluesize,0,1680,171,0,0,0,0,0,0,0,26,4,1,19,0,0,37
hbase,org.apache.hadoop.hbase.client.testfromclientside.testmischtablestuff,1,1680,171,0,0,0,0,0,0,0,26,4,1,19,0,0,37
hbase,org.apache.hadoop.hbase.client.testfromclientside.testnull,0,1680,171,0,0,0,0,0,0,0,26,4,1,19,0,0,37
hbase,org.apache.hadoop.hbase.client.testfromclientside.testput,0,1680,171,0,0,0,0,0,0,0,26,4,1,19,0,0,37
hbase,org.apache.hadoop.hbase.client.testfromclientside.testrowsput,1,1680,171,0,0,0,0,0,0,0,26,4,1,19,0,0,37
hbase,org.apache.hadoop.hbase.client.testfromclientside.testrowsputbufferedmanymanyflushes,1,1680,171,0,0,0,0,0,0,0,26,4,1,19,0,0,37
hbase,org.apache.hadoop.hbase.client.testfromclientside.testrowsputbufferedoneflush,1,1680,171,0,0,0,0,0,0,0,26,4,1,19,0,0,37
hbase,org.apache.hadoop.hbase.client.testfromclientside.testsimplemissing,1,1680,171,0,0,0,0,0,0,0,26,4,1,19,0,0,37
hbase,org.apache.hadoop.hbase.client.testfromclientside.testsinglerowmultiplefamily,1,1680,171,0,0,0,0,0,0,0,26,4,1,19,0,0,37
hbase,org.apache.hadoop.hbase.client.testfromclientside.testsupersimple,0,1680,171,0,0,0,0,0,0,0,26,4,1,19,0,0,37
hbase,org.apache.hadoop.hbase.client.testfromclientside.testversionlimits,1,1680,171,0,0,0,0,0,0,0,26,4,1,19,0,0,37
hbase,org.apache.hadoop.hbase.client.testfromclientside.testversions,1,1680,171,0,0,0,0,0,0,0,26,4,1,19,0,0,37
hbase,org.apache.hadoop.hbase.client.testfromclientside.testweirdcachebehaviour,0,1680,171,0,0,0,0,0,0,0,26,4,1,19,0,0,37
hbase,org.apache.hadoop.hbase.client.testscannertimeout.test2481,1,185,3,1,1,0,0,0,0,1,3,0,1,3,0,0,8
hbase,org.apache.hadoop.hbase.filter.testcolumnpaginationfilter.testserialization,0,77,1,0,0,0,0,0,0,0,1,0,1,0,0,0,4
hbase,org.apache.hadoop.hbase.filter.testfilter.testcolumnpaginationfilter,0,2069,48,1,1,0,0,0,0,1,30,1,1,61,0,0,43
hbase,org.apache.hadoop.hbase.filter.testfilter.testfilterlist,0,2069,48,1,1,0,0,0,0,1,30,1,1,61,0,0,43
hbase,org.apache.hadoop.hbase.filter.testfilter.testfirstkeyonlyfilter,0,2069,48,1,1,0,0,0,0,1,30,1,1,61,0,0,43
hbase,org.apache.hadoop.hbase.filter.testfilter.testinclusivestopfilter,0,2069,48,1,1,0,0,0,0,1,30,1,1,61,0,0,43
hbase,org.apache.hadoop.hbase.filter.testfilter.testnofilter,0,2069,48,1,1,0,0,0,0,1,30,1,1,61,0,0,43
hbase,org.apache.hadoop.hbase.filter.testfilter.testpagefilter,0,2069,48,1,1,0,0,0,0,1,30,1,1,61,0,0,43
hbase,org.apache.hadoop.hbase.filter.testfilter.testprefixfilter,0,2069,48,1,1,0,0,0,0,1,30,1,1,61,0,0,43
hbase,org.apache.hadoop.hbase.filter.testfilter.testqualifierfilter,0,2069,48,1,1,0,0,0,0,1,30,1,1,61,0,0,43
hbase,org.apache.hadoop.hbase.filter.testfilter.testrowfilter,0,2069,48,1,1,0,0,0,0,1,30,1,1,61,0,0,43
hbase,org.apache.hadoop.hbase.filter.testfilter.testsinglecolumnvaluefilter,0,2069,48,1,1,0,0,0,0,1,30,1,1,61,0,0,43
hbase,org.apache.hadoop.hbase.filter.testfilter.testskipfilter,0,2069,48,1,1,0,0,0,0,1,30,1,1,61,0,0,43
hbase,org.apache.hadoop.hbase.filter.testfilter.testvaluefilter,0,2069,48,1,1,0,0,0,0,1,30,1,1,61,0,0,43
hbase,org.apache.hadoop.hbase.filter.testfilter.testwhilematchfilterwithfilterkeyvalue,0,2069,48,1,1,0,0,0,0,1,30,1,1,61,0,0,43
hbase,org.apache.hadoop.hbase.filter.testfilter.testwhilematchfilterwithfilterrow,0,2069,48,1,1,0,0,0,0,1,30,1,1,61,0,0,43
hbase,org.apache.hadoop.hbase.filter.testfilter.testwhilematchfilterwithfilterrowkey,0,2069,48,1,1,0,0,0,0,1,30,1,1,61,0,0,43
hbase,org.apache.hadoop.hbase.filter.testfilterlist.testmpall,0,931,134,0,0,0,0,0,0,0,23,5,0,11,0,0,49
hbase,org.apache.hadoop.hbase.filter.testfilterlist.testmpone,0,931,134,0,0,0,0,0,0,0,23,5,0,11,0,0,49
hbase,org.apache.hadoop.hbase.filter.testfilterlist.testordering,0,931,134,0,0,0,0,0,0,0,23,5,0,11,0,0,49
hbase,org.apache.hadoop.hbase.filter.testfilterlist.testserialization,0,931,134,0,0,0,0,0,0,0,23,5,0,11,0,0,49
hbase,org.apache.hadoop.hbase.filter.testinclusivestopfilter.testserialization,0,71,5,0,0,0,0,0,0,0,2,0,1,0,0,0,5
hbase,org.apache.hadoop.hbase.filter.testinclusivestopfilter.teststoprowidentification,0,71,5,0,0,0,0,0,0,0,2,0,1,0,0,0,5
hbase,org.apache.hadoop.hbase.filter.testpagefilter.testpagesize,0,76,3,0,0,0,0,0,0,0,2,0,0,3,0,0,4
hbase,org.apache.hadoop.hbase.filter.testpagefilter.testserialization,0,76,3,0,0,0,0,0,0,0,2,0,0,3,0,0,4
hbase,org.apache.hadoop.hbase.filter.testprefixfilter.testprefixonrow,0,217,57,0,0,0,0,0,0,0,14,0,1,1,0,0,17
hbase,org.apache.hadoop.hbase.filter.testprefixfilter.testprefixonrowinsidewhilematchrow,0,217,57,0,0,0,0,0,0,0,14,0,1,1,0,0,17
hbase,org.apache.hadoop.hbase.filter.testprefixfilter.testserialization,0,217,57,0,0,0,0,0,0,0,14,0,1,1,0,0,17
hbase,org.apache.hadoop.hbase.filter.testsinglecolumnvaluefilter.testserialization,0,245,46,0,0,0,0,0,0,0,3,0,1,0,0,0,6
hbase,org.apache.hadoop.hbase.filter.testsinglecolumnvaluefilter.teststop,0,245,46,0,0,0,0,0,0,0,3,0,1,0,0,0,6
hbase,org.apache.hadoop.hbase.io.testheapsize.testnativesizes,0,579,47,0,0,0,0,0,0,0,7,0,1,42,0,1,10
hbase,org.apache.hadoop.hbase.io.testheapsize.testsizes,0,579,47,0,0,0,0,0,0,0,7,0,1,42,0,1,10
hbase,org.apache.hadoop.hbase.io.testimmutablebyteswritable.testcomparison,0,106,8,0,0,0,0,0,0,0,3,0,0,2,0,0,5
hbase,org.apache.hadoop.hbase.io.hfile.testcachedblockqueue.testqueue,0,124,4,0,0,0,0,0,0,0,2,0,0,2,0,0,9
hbase,org.apache.hadoop.hbase.io.hfile.testcachedblockqueue.testqueuesmallblockedgecase,0,124,4,0,0,0,0,0,0,0,2,0,0,2,0,0,9
hbase,org.apache.hadoop.hbase.io.hfile.testhfile.testcomparator,0,1058,115,0,0,0,0,1,0,0,23,4,1,32,1,0,29
hbase,org.apache.hadoop.hbase.io.hfile.testhfile.testcompressionordinance,0,1058,115,0,0,0,0,1,0,0,23,4,1,32,1,0,29
hbase,org.apache.hadoop.hbase.io.hfile.testhfile.testemptyhfile,0,1058,115,0,0,0,0,1,0,0,23,4,1,32,1,0,29
hbase,org.apache.hadoop.hbase.io.hfile.testhfile.testheapsizeforblockindex,0,1058,115,0,0,0,0,1,0,0,23,4,1,32,1,0,29
hbase,org.apache.hadoop.hbase.io.hfile.testhfile.testmetablocks,0,1058,115,0,0,0,0,1,0,0,23,4,1,32,1,0,29
hbase,org.apache.hadoop.hbase.io.hfile.testhfile.testnullmetablocks,0,1058,115,0,0,0,0,1,0,0,23,4,1,32,1,0,29
hbase,org.apache.hadoop.hbase.io.hfile.testhfile.testtfilefeatures,0,1058,115,0,0,0,0,1,0,0,23,4,1,32,1,0,29
hbase,org.apache.hadoop.hbase.io.hfile.testhfileseek.testseeks,0,410,0,0,0,0,0,1,0,0,1,2,1,36,1,1,5
hbase,org.apache.hadoop.hbase.io.hfile.testlrublockcache.testbackgroundevictionthread,1,838,130,1,1,1,1,0,0,1,13,3,0,32,1,0,25
hbase,org.apache.hadoop.hbase.io.hfile.testlrublockcache.testcacheevictionsimple,0,838,130,1,1,1,1,0,0,1,13,3,0,32,1,0,25
hbase,org.apache.hadoop.hbase.io.hfile.testlrublockcache.testcacheevictionthreepriorities,0,838,130,1,1,1,1,0,0,1,13,3,0,32,1,0,25
hbase,org.apache.hadoop.hbase.io.hfile.testlrublockcache.testcacheevictiontwopriorities,0,838,130,1,1,1,1,0,0,1,13,3,0,32,1,0,25
hbase,org.apache.hadoop.hbase.io.hfile.testlrublockcache.testcachesimple,0,838,130,1,1,1,1,0,0,1,13,3,0,32,1,0,25
hbase,org.apache.hadoop.hbase.io.hfile.testlrublockcache.testresizeblockcache,0,838,130,1,1,1,1,0,0,1,13,3,0,32,1,0,25
hbase,org.apache.hadoop.hbase.io.hfile.testlrublockcache.testscanresistance,0,838,130,1,1,1,1,0,0,1,13,3,0,32,1,0,25
hbase,org.apache.hadoop.hbase.io.hfile.testseekto.testblockcontainingkey,0,312,89,0,0,0,0,1,0,0,4,0,1,7,0,0,9
hbase,org.apache.hadoop.hbase.io.hfile.testseekto.testseekbefore,0,312,89,0,0,0,0,1,0,0,4,0,1,7,0,0,9
hbase,org.apache.hadoop.hbase.io.hfile.testseekto.testseekto,0,312,89,0,0,0,0,1,0,0,4,0,1,7,0,0,9
hbase,org.apache.hadoop.hbase.master.testmastertransitions.testaddingserverbeforeoldisdead2413,1,335,8,0,0,4,1,0,0,0,3,0,1,27,0,0,16
hbase,org.apache.hadoop.hbase.master.testmastertransitions.testkillrswithopeningregion2482,1,335,8,0,0,4,1,0,0,0,3,0,1,27,0,0,16
hbase,org.apache.hadoop.hbase.master.testmastertransitions.testregionclosewhennometahbase2428,1,335,8,0,0,4,1,0,0,0,3,0,1,27,0,0,16
hbase,org.apache.hadoop.hbase.regionserver.testcompaction.testcompaction,1,881,33,4,1,18,1,1,0,1,12,4,1,28,0,0,36
hbase,org.apache.hadoop.hbase.regionserver.testcompaction.testmajorcompactingtonooutput,1,881,33,4,1,18,1,1,0,1,12,4,1,28,0,0,36
hbase,org.apache.hadoop.hbase.regionserver.testgetclosestatorbefore.testgetclosestrowbefore2,1,326,21,0,0,0,0,1,0,0,3,2,0,7,0,0,6
hbase,org.apache.hadoop.hbase.regionserver.testgetclosestatorbefore.testgetclosestrowbefore3,1,326,21,0,0,0,0,1,0,0,3,2,0,7,0,0,6
hbase,org.apache.hadoop.hbase.regionserver.testgetclosestatorbefore.testusingmetaandbinary,1,326,21,0,0,0,0,1,0,0,3,2,0,7,0,0,6
hbase,org.apache.hadoop.hbase.regionserver.testhregion.testbasicsplit,0,7058,665,11,1,45,1,1,0,1,136,64,1,203,0,1,195
hbase,org.apache.hadoop.hbase.regionserver.testhregion.testcheckandput_thatputwaswritten,0,7058,665,11,1,45,1,1,0,1,136,64,1,203,0,1,195
hbase,org.apache.hadoop.hbase.regionserver.testhregion.testcheckandput_withcorrectvalue,0,7058,665,11,1,45,1,1,0,1,136,64,1,203,0,1,195
hbase,org.apache.hadoop.hbase.regionserver.testhregion.testcheckandput_withemptyrowvalue,0,7058,665,11,1,45,1,1,0,1,136,64,1,203,0,1,195
hbase,org.apache.hadoop.hbase.regionserver.testhregion.testcheckandput_withwrongvalue,0,7058,665,11,1,45,1,1,0,1,136,64,1,203,0,1,195
hbase,org.apache.hadoop.hbase.regionserver.testhregion.testdelete_checkfamily,0,7058,665,11,1,45,1,1,0,1,136,64,1,203,0,1,195
hbase,org.apache.hadoop.hbase.regionserver.testhregion.testdelete_checktimestampupdated,0,7058,665,11,1,45,1,1,0,1,136,64,1,203,0,1,195
hbase,org.apache.hadoop.hbase.regionserver.testhregion.testdelete_mixed,0,7058,665,11,1,45,1,1,0,1,136,64,1,203,0,1,195
hbase,org.apache.hadoop.hbase.regionserver.testhregion.testdeletecolumns_postinsert,0,7058,665,11,1,45,1,1,0,1,136,64,1,203,0,1,195
hbase,org.apache.hadoop.hbase.regionserver.testhregion.testdeletefamily_postinsert,0,7058,665,11,1,45,1,1,0,1,136,64,1,203,0,1,195
hbase,org.apache.hadoop.hbase.regionserver.testhregion.testdeleterowwithfuturets,0,7058,665,11,1,45,1,1,0,1,136,64,1,203,0,1,195
hbase,org.apache.hadoop.hbase.regionserver.testhregion.testfamilywithandwithoutcolon,0,7058,665,11,1,45,1,1,0,1,136,64,1,203,0,1,195
hbase,org.apache.hadoop.hbase.regionserver.testhregion.testflushcachewhilescanning,0,7058,665,11,1,45,1,1,0,1,136,64,1,203,0,1,195
hbase,org.apache.hadoop.hbase.regionserver.testhregion.testget_basic,0,7058,665,11,1,45,1,1,0,1,136,64,1,203,0,1,195
hbase,org.apache.hadoop.hbase.regionserver.testhregion.testget_empty,0,7058,665,11,1,45,1,1,0,1,136,64,1,203,0,1,195
hbase,org.apache.hadoop.hbase.regionserver.testhregion.testget_familychecker,0,7058,665,11,1,45,1,1,0,1,136,64,1,203,0,1,195
hbase,org.apache.hadoop.hbase.regionserver.testhregion.testgetscanner_withnofamilies,0,7058,665,11,1,45,1,1,0,1,136,64,1,203,0,1,195
hbase,org.apache.hadoop.hbase.regionserver.testhregion.testgetscanner_withnotokfamilies,0,7058,665,11,1,45,1,1,0,1,136,64,1,203,0,1,195
hbase,org.apache.hadoop.hbase.regionserver.testhregion.testgetscanner_withokfamilies,0,7058,665,11,1,45,1,1,0,1,136,64,1,203,0,1,195
hbase,org.apache.hadoop.hbase.regionserver.testhregion.testincrementcolumnvalue_addingnew,0,7058,665,11,1,45,1,1,0,1,136,64,1,203,0,1,195
hbase,org.apache.hadoop.hbase.regionserver.testhregion.testincrementcolumnvalue_addingnewaftersfcheck,0,7058,665,11,1,45,1,1,0,1,136,64,1,203,0,1,195
hbase,org.apache.hadoop.hbase.regionserver.testhregion.testincrementcolumnvalue_concurrentflush,0,7058,665,11,1,45,1,1,0,1,136,64,1,203,0,1,195
hbase,org.apache.hadoop.hbase.regionserver.testhregion.testincrementcolumnvalue_updatingfromsf,0,7058,665,11,1,45,1,1,0,1,136,64,1,203,0,1,195
hbase,org.apache.hadoop.hbase.regionserver.testhregion.testincrementcolumnvalue_updatinginplace,0,7058,665,11,1,45,1,1,0,1,136,64,1,203,0,1,195
hbase,org.apache.hadoop.hbase.regionserver.testhregion.testincrementcolumnvalue_updatinginplace_negative,0,7058,665,11,1,45,1,1,0,1,136,64,1,203,0,1,195
hbase,org.apache.hadoop.hbase.regionserver.testhregion.testindexesscanwithonedeletedrow,0,7058,665,11,1,45,1,1,0,1,136,64,1,203,0,1,195
hbase,org.apache.hadoop.hbase.regionserver.testhregion.testlocks,0,7058,665,11,1,45,1,1,0,1,136,64,1,203,0,1,195
hbase,org.apache.hadoop.hbase.regionserver.testhregion.testmerge,0,7058,665,11,1,45,1,1,0,1,136,64,1,203,0,1,195
hbase,org.apache.hadoop.hbase.regionserver.testhregion.testregionscanner_next,0,7058,665,11,1,45,1,1,0,1,136,64,1,203,0,1,195
hbase,org.apache.hadoop.hbase.regionserver.testhregion.testscanner_deleteonefamilynotanother,0,7058,665,11,1,45,1,1,0,1,136,64,1,203,0,1,195
hbase,org.apache.hadoop.hbase.regionserver.testhregion.testscanner_explicitcolumns_fromfilesonly_enforceversions,0,7058,665,11,1,45,1,1,0,1,136,64,1,203,0,1,195
hbase,org.apache.hadoop.hbase.regionserver.testhregion.testscanner_explicitcolumns_frommemstore_enforceversions,0,7058,665,11,1,45,1,1,0,1,136,64,1,203,0,1,195
hbase,org.apache.hadoop.hbase.regionserver.testhregion.testscanner_explicitcolumns_frommemstoreandfiles_enforceversions,0,7058,665,11,1,45,1,1,0,1,136,64,1,203,0,1,195
hbase,org.apache.hadoop.hbase.regionserver.testhregion.testscanner_stoprow1542,0,7058,665,11,1,45,1,1,0,1,136,64,1,203,0,1,195
hbase,org.apache.hadoop.hbase.regionserver.testhregion.testscanner_wildcard_fromfilesonly_enforceversions,0,7058,665,11,1,45,1,1,0,1,136,64,1,203,0,1,195
hbase,org.apache.hadoop.hbase.regionserver.testhregion.testscanner_wildcard_frommemstore_enforceversions,0,7058,665,11,1,45,1,1,0,1,136,64,1,203,0,1,195
hbase,org.apache.hadoop.hbase.regionserver.testhregion.testscanner_wildcard_frommemstoreandfiles_enforceversions,0,7058,665,11,1,45,1,1,0,1,136,64,1,203,0,1,195
hbase,org.apache.hadoop.hbase.regionserver.testhregion.testsplitregion,0,7058,665,11,1,45,1,1,0,1,136,64,1,203,0,1,195
hbase,org.apache.hadoop.hbase.regionserver.testhregion.testweirdcachebehaviour,0,7058,665,11,1,45,1,1,0,1,136,64,1,203,0,1,195
hbase,org.apache.hadoop.hbase.regionserver.testhregion.testwriteswhilegetting,1,7058,665,11,1,45,1,1,0,1,136,64,1,203,0,1,195
hbase,org.apache.hadoop.hbase.regionserver.testhregion.testwriteswhilescanning,0,7058,665,11,1,45,1,1,0,1,136,64,1,203,0,1,195
hbase,org.apache.hadoop.hbase.regionserver.testkeyvalueheap.testscannerleak,0,291,23,0,0,0,0,1,0,0,6,0,0,10,0,0,15
hbase,org.apache.hadoop.hbase.regionserver.testkeyvalueheap.testseek,0,291,23,0,0,0,0,1,0,0,6,0,0,10,0,0,15
hbase,org.apache.hadoop.hbase.regionserver.testkeyvalueheap.testsorted,0,291,23,0,0,0,0,1,0,0,6,0,0,10,0,0,15
hbase,org.apache.hadoop.hbase.regionserver.testkeyvaluescanfixture.testkeyvaluescanfixture,0,67,13,0,0,0,0,0,0,0,1,0,0,0,0,0,3
hbase,org.apache.hadoop.hbase.regionserver.testscanner.testfilters,1,512,30,0,0,0,0,0,0,1,7,4,0,22,0,0,11
hbase,org.apache.hadoop.hbase.regionserver.testscanner.testracebetweenclientandtimeout,1,512,30,0,0,0,0,0,0,1,7,4,0,22,0,0,11
hbase,org.apache.hadoop.hbase.regionserver.testscanner.testscanandrealconcurrentflush,1,512,30,0,0,0,0,0,0,1,7,4,0,22,0,0,11
hbase,org.apache.hadoop.hbase.regionserver.testscanner.testscanandsyncflush,1,512,30,0,0,0,0,0,0,1,7,4,0,22,0,0,11
hbase,org.apache.hadoop.hbase.regionserver.testscanner.testscanner,1,512,30,0,0,0,0,0,0,1,7,4,0,22,0,0,11
hbase,org.apache.hadoop.hbase.regionserver.testscanner.teststoprow,1,512,30,0,0,0,0,0,0,1,7,4,0,22,0,0,11
hbase,org.apache.hadoop.hbase.regionserver.teststorescanner.testdeletecolumn,0,1199,128,0,0,0,0,1,0,0,29,1,0,17,0,0,46
hbase,org.apache.hadoop.hbase.regionserver.teststorescanner.testdeletedrowthengoodrow,0,1199,128,0,0,0,0,1,0,0,29,1,0,17,0,0,46
hbase,org.apache.hadoop.hbase.regionserver.teststorescanner.testdeletefamily,0,1199,128,0,0,0,0,1,0,0,29,1,0,17,0,0,46
hbase,org.apache.hadoop.hbase.regionserver.teststorescanner.testdeleteversionmaskingmultipleputs,0,1199,128,0,0,0,0,1,0,0,29,1,0,17,0,0,46
hbase,org.apache.hadoop.hbase.regionserver.teststorescanner.testdeleteversionsametimestamp,0,1199,128,0,0,0,0,1,0,0,29,1,0,17,0,0,46
hbase,org.apache.hadoop.hbase.regionserver.teststorescanner.testdeleteversionsmixedandmultipleversionreturn,0,1199,128,0,0,0,0,1,0,0,29,1,0,17,0,0,46
hbase,org.apache.hadoop.hbase.regionserver.teststorescanner.testscansametimestamp,0,1199,128,0,0,0,0,1,0,0,29,1,0,17,0,0,46
hbase,org.apache.hadoop.hbase.regionserver.teststorescanner.testscantimerange,0,1199,128,0,0,0,0,1,0,0,29,1,0,17,0,0,46
hbase,org.apache.hadoop.hbase.regionserver.teststorescanner.testskipcolumn,0,1199,128,0,0,0,0,1,0,0,29,1,0,17,0,0,46
hbase,org.apache.hadoop.hbase.regionserver.teststorescanner.testwildcardoneversionscan,0,1199,128,0,0,0,0,1,0,0,29,1,0,17,0,0,46
hbase,org.apache.hadoop.hbase.regionserver.teststorescanner.testwildcardscannerunderdeletes,0,1199,128,0,0,0,0,1,0,0,29,1,0,17,0,0,46
hbase,org.apache.hadoop.hbase.regionserver.teststorescanner.testwildcardttlscan,0,1199,128,0,0,0,0,1,0,0,29,1,0,17,0,0,46
hbase,org.apache.hadoop.hbase.regionserver.teststorescanner.testwontnexttonext,0,1199,128,0,0,0,0,1,0,0,29,1,0,17,0,0,46
hbase,org.apache.hadoop.hbase.regionserver.testwidescanner.testwidescanbatching,1,153,3,0,0,0,0,1,0,0,1,0,1,9,0,0,5
hbase,org.apache.hadoop.hbase.regionserver.wal.testlogrolling.testlogrolling,1,403,24,4,1,0,0,1,0,1,3,4,1,13,0,0,12
hbase,org.apache.hadoop.hbase.regionserver.wal.testlogrolling.testlogrollondatanodedeath,1,403,24,4,1,0,0,1,0,1,3,4,1,13,0,0,12
hbase,org.apache.hadoop.hbase.util.testrootpath.testrootpath,0,62,0,0,0,0,0,1,0,0,1,3,0,0,0,0,3
java-websocket,org.java_websocket.client.attachmenttest.testdefaultvalue,0,73,4,0,0,0,0,0,0,0,2,0,0,0,0,0,10
java-websocket,org.java_websocket.client.attachmenttest.testsetter,0,73,4,0,0,0,0,0,0,0,2,0,0,0,0,0,10
java-websocket,org.java_websocket.drafts.draft_6455test.accepthandshakeasclient,0,541,136,0,0,0,0,0,1,0,17,6,0,2,0,0,20
java-websocket,org.java_websocket.drafts.draft_6455test.accepthandshakeasserver,0,541,136,0,0,0,0,0,1,0,17,6,0,2,0,0,20
java-websocket,org.java_websocket.drafts.draft_6455test.createframesbinary,0,541,136,0,0,0,0,0,1,0,17,6,0,2,0,0,20
java-websocket,org.java_websocket.drafts.draft_6455test.createframestext,0,541,136,0,0,0,0,0,1,0,17,6,0,2,0,0,20
java-websocket,org.java_websocket.drafts.draft_6455test.postprocesshandshakerequestasclient,0,541,136,0,0,0,0,0,1,0,17,6,0,2,0,0,20
java-websocket,org.java_websocket.drafts.draft_6455test.postprocesshandshakeresponseasserver,0,541,136,0,0,0,0,0,1,0,17,6,0,2,0,0,20
java-websocket,org.java_websocket.drafts.draft_6455test.testconstructor,0,541,136,0,0,0,0,0,1,0,17,6,0,2,0,0,20
java-websocket,org.java_websocket.drafts.draft_6455test.testcopyinstance,0,541,136,0,0,0,0,0,1,0,17,6,0,2,0,0,20
java-websocket,org.java_websocket.drafts.draft_6455test.testequals,0,541,136,0,0,0,0,0,1,0,17,6,0,2,0,0,20
java-websocket,org.java_websocket.drafts.draft_6455test.testgetclosehandshaketype,0,541,136,0,0,0,0,0,1,0,17,6,0,2,0,0,20
java-websocket,org.java_websocket.drafts.draft_6455test.testgetextension,0,541,136,0,0,0,0,0,1,0,17,6,0,2,0,0,20
java-websocket,org.java_websocket.drafts.draft_6455test.testgetknownextensions,0,541,136,0,0,0,0,0,1,0,17,6,0,2,0,0,20
java-websocket,org.java_websocket.drafts.draft_6455test.testgetknownprotocols,0,541,136,0,0,0,0,0,1,0,17,6,0,2,0,0,20
java-websocket,org.java_websocket.drafts.draft_6455test.testgetprotocol,0,541,136,0,0,0,0,0,1,0,17,6,0,2,0,0,20
java-websocket,org.java_websocket.drafts.draft_6455test.testhashcode,0,541,136,0,0,0,0,0,1,0,17,6,0,2,0,0,20
java-websocket,org.java_websocket.drafts.draft_6455test.testreset,0,541,136,0,0,0,0,0,1,0,17,6,0,2,0,0,20
java-websocket,org.java_websocket.drafts.draft_6455test.testtostring,0,541,136,0,0,0,0,0,1,0,17,6,0,2,0,0,20
java-websocket,org.java_websocket.extensions.defaultextensiontest.testacceptprovidedextensionasclient,0,134,20,0,0,0,0,0,0,0,11,4,0,0,0,0,11
java-websocket,org.java_websocket.extensions.defaultextensiontest.testacceptprovidedextensionasserver,0,134,20,0,0,0,0,0,0,0,11,4,0,0,0,0,11
java-websocket,org.java_websocket.extensions.defaultextensiontest.testcopyinstance,0,134,20,0,0,0,0,0,0,0,11,4,0,0,0,0,11
java-websocket,org.java_websocket.extensions.defaultextensiontest.testdecodeframe,0,134,20,0,0,0,0,0,0,0,11,4,0,0,0,0,11
java-websocket,org.java_websocket.extensions.defaultextensiontest.testencodeframe,0,134,20,0,0,0,0,0,0,0,11,4,0,0,0,0,11
java-websocket,org.java_websocket.extensions.defaultextensiontest.testequals,0,134,20,0,0,0,0,0,0,0,11,4,0,0,0,0,11
java-websocket,org.java_websocket.extensions.defaultextensiontest.testgetprovidedextensionasclient,0,134,20,0,0,0,0,0,0,0,11,4,0,0,0,0,11
java-websocket,org.java_websocket.extensions.defaultextensiontest.testgetprovidedextensionasserver,0,134,20,0,0,0,0,0,0,0,11,4,0,0,0,0,11
java-websocket,org.java_websocket.extensions.defaultextensiontest.testhashcode,0,134,20,0,0,0,0,0,0,0,11,4,0,0,0,0,11
java-websocket,org.java_websocket.extensions.defaultextensiontest.testisframevalid,0,134,20,0,0,0,0,0,0,0,11,4,0,0,0,0,11
java-websocket,org.java_websocket.extensions.defaultextensiontest.testtostring,0,134,20,0,0,0,0,0,0,0,11,4,0,0,0,0,11
java-websocket,org.java_websocket.framing.binaryframetest.testconstructor,0,64,8,0,0,0,0,0,0,0,3,2,0,0,0,0,3
java-websocket,org.java_websocket.framing.binaryframetest.testextends,0,64,8,0,0,0,0,0,0,0,3,2,0,0,0,0,3
java-websocket,org.java_websocket.framing.binaryframetest.testisvalid,0,64,8,0,0,0,0,0,0,0,3,2,0,0,0,0,3
java-websocket,org.java_websocket.framing.closeframetest.testconstructor,0,237,10,0,0,0,0,0,0,0,4,26,0,0,0,0,4
java-websocket,org.java_websocket.framing.closeframetest.testextends,0,237,10,0,0,0,0,0,0,0,4,26,0,0,0,0,4
java-websocket,org.java_websocket.framing.closeframetest.testisvalid,0,237,10,0,0,0,0,0,0,0,4,26,0,0,0,0,4
java-websocket,org.java_websocket.framing.continuousframetest.testconstructor,0,64,8,0,0,0,0,0,0,0,3,2,0,0,0,0,3
java-websocket,org.java_websocket.framing.continuousframetest.testextends,0,64,8,0,0,0,0,0,0,0,3,2,0,0,0,0,3
java-websocket,org.java_websocket.framing.continuousframetest.testisvalid,0,64,8,0,0,0,0,0,0,0,3,2,0,0,0,0,3
java-websocket,org.java_websocket.framing.framedataimpl1test.testappend,0,95,21,0,0,0,0,0,0,0,4,1,0,0,0,0,4
java-websocket,org.java_websocket.framing.framedataimpl1test.testdefaultvalues,0,95,21,0,0,0,0,0,0,0,4,1,0,0,0,0,4
java-websocket,org.java_websocket.framing.framedataimpl1test.testget,0,95,21,0,0,0,0,0,0,0,4,1,0,0,0,0,4
java-websocket,org.java_websocket.framing.framedataimpl1test.testsetters,0,95,21,0,0,0,0,0,0,0,4,1,0,0,0,0,4
java-websocket,org.java_websocket.framing.pingframetest.testconstructor,0,95,8,0,0,0,0,0,0,0,3,6,0,0,0,0,3
java-websocket,org.java_websocket.framing.pingframetest.testextends,0,95,8,0,0,0,0,0,0,0,3,6,0,0,0,0,3
java-websocket,org.java_websocket.framing.pingframetest.testisvalid,0,95,8,0,0,0,0,0,0,0,3,6,0,0,0,0,3
java-websocket,org.java_websocket.framing.pongframetest.testconstructor,0,103,9,0,0,0,0,0,0,0,4,6,0,0,0,0,4
java-websocket,org.java_websocket.framing.pongframetest.testcopyconstructor,0,103,9,0,0,0,0,0,0,0,4,6,0,0,0,0,4
java-websocket,org.java_websocket.framing.pongframetest.testextends,0,103,9,0,0,0,0,0,0,0,4,6,0,0,0,0,4
java-websocket,org.java_websocket.framing.pongframetest.testisvalid,0,103,9,0,0,0,0,0,0,0,4,6,0,0,0,0,4
java-websocket,org.java_websocket.framing.textframetest.testconstructor,0,80,8,0,0,0,0,0,0,0,3,3,0,0,0,0,3
java-websocket,org.java_websocket.framing.textframetest.testextends,0,80,8,0,0,0,0,0,0,0,3,3,0,0,0,0,3
java-websocket,org.java_websocket.framing.textframetest.testisvalid,0,80,8,0,0,0,0,0,0,0,3,3,0,0,0,0,3
java-websocket,org.java_websocket.issues.issue256test.runreconnectblockingscenario0,1,133,0,0,0,9,1,0,0,0,0,0,1,2,0,0,18
java-websocket,org.java_websocket.issues.issue256test.runreconnectblockingscenario1,1,133,0,0,0,9,1,0,0,0,0,0,1,2,0,0,18
java-websocket,org.java_websocket.issues.issue256test.runreconnectblockingscenario2,1,133,0,0,0,9,1,0,0,0,0,0,1,2,0,0,18
java-websocket,org.java_websocket.issues.issue256test.runreconnectblockingscenario3,1,133,0,0,0,9,1,0,0,0,0,0,1,2,0,0,18
java-websocket,org.java_websocket.issues.issue256test.runreconnectblockingscenario4,1,133,0,0,0,9,1,0,0,0,0,0,1,2,0,0,18
java-websocket,org.java_websocket.issues.issue256test.runreconnectblockingscenario5,1,133,0,0,0,9,1,0,0,0,0,0,1,2,0,0,18
java-websocket,org.java_websocket.issues.issue256test.runreconnectblockingscenario6,1,133,0,0,0,9,1,0,0,0,0,0,1,2,0,0,18
java-websocket,org.java_websocket.issues.issue256test.runreconnectblockingscenario7,1,133,0,0,0,9,1,0,0,0,0,0,1,2,0,0,18
java-websocket,org.java_websocket.issues.issue256test.runreconnectblockingscenario8,1,133,0,0,0,9,1,0,0,0,0,0,1,2,0,0,18
java-websocket,org.java_websocket.issues.issue256test.runreconnectblockingscenario9,1,133,0,0,0,9,1,0,0,0,0,0,1,2,0,0,18
java-websocket,org.java_websocket.issues.issue256test.runreconnectscenario0,1,133,0,0,0,9,1,0,0,0,0,0,1,2,0,0,18
java-websocket,org.java_websocket.issues.issue256test.runreconnectscenario1,1,133,0,0,0,9,1,0,0,0,0,0,1,2,0,0,18
java-websocket,org.java_websocket.issues.issue256test.runreconnectscenario2,1,133,0,0,0,9,1,0,0,0,0,0,1,2,0,0,18
java-websocket,org.java_websocket.issues.issue256test.runreconnectscenario3,1,133,0,0,0,9,1,0,0,0,0,0,1,2,0,0,18
java-websocket,org.java_websocket.issues.issue256test.runreconnectscenario4,1,133,0,0,0,9,1,0,0,0,0,0,1,2,0,0,18
java-websocket,org.java_websocket.issues.issue256test.runreconnectscenario5,1,133,0,0,0,9,1,0,0,0,0,0,1,2,0,0,18
java-websocket,org.java_websocket.issues.issue256test.runreconnectscenario6,1,133,0,0,0,9,1,0,0,0,0,0,1,2,0,0,18
java-websocket,org.java_websocket.issues.issue256test.runreconnectscenario7,1,133,0,0,0,9,1,0,0,0,0,0,1,2,0,0,18
java-websocket,org.java_websocket.issues.issue256test.runreconnectscenario8,1,133,0,0,0,9,1,0,0,0,0,0,1,2,0,0,18
java-websocket,org.java_websocket.issues.issue256test.runreconnectscenario9,1,133,0,0,0,9,1,0,0,0,0,0,1,2,0,0,18
java-websocket,org.java_websocket.issues.issue580test.runcloseblockingtestscenario0,0,107,0,1,1,4,1,0,0,1,0,0,0,2,0,0,14
java-websocket,org.java_websocket.issues.issue580test.runcloseblockingtestscenario1,0,107,0,1,1,4,1,0,0,1,0,0,0,2,0,0,14
java-websocket,org.java_websocket.issues.issue580test.runcloseblockingtestscenario2,0,107,0,1,1,4,1,0,0,1,0,0,0,2,0,0,14
java-websocket,org.java_websocket.issues.issue580test.runcloseblockingtestscenario3,0,107,0,1,1,4,1,0,0,1,0,0,0,2,0,0,14
java-websocket,org.java_websocket.issues.issue580test.runcloseblockingtestscenario4,0,107,0,1,1,4,1,0,0,1,0,0,0,2,0,0,14
java-websocket,org.java_websocket.issues.issue580test.runcloseblockingtestscenario5,0,107,0,1,1,4,1,0,0,1,0,0,0,2,0,0,14
java-websocket,org.java_websocket.issues.issue580test.runcloseblockingtestscenario6,0,107,0,1,1,4,1,0,0,1,0,0,0,2,0,0,14
java-websocket,org.java_websocket.issues.issue580test.runcloseblockingtestscenario7,0,107,0,1,1,4,1,0,0,1,0,0,0,2,0,0,14
java-websocket,org.java_websocket.issues.issue580test.runcloseblockingtestscenario8,0,107,0,1,1,4,1,0,0,1,0,0,0,2,0,0,14
java-websocket,org.java_websocket.issues.issue580test.runcloseblockingtestscenario9,0,107,0,1,1,4,1,0,0,1,0,0,0,2,0,0,14
java-websocket,org.java_websocket.issues.issue580test.runnocloseblockingtestscenario0,0,107,0,1,1,4,1,0,0,1,0,0,0,2,0,0,14
java-websocket,org.java_websocket.issues.issue580test.runnocloseblockingtestscenario1,0,107,0,1,1,4,1,0,0,1,0,0,0,2,0,0,14
java-websocket,org.java_websocket.issues.issue580test.runnocloseblockingtestscenario2,0,107,0,1,1,4,1,0,0,1,0,0,0,2,0,0,14
java-websocket,org.java_websocket.issues.issue580test.runnocloseblockingtestscenario3,0,107,0,1,1,4,1,0,0,1,0,0,0,2,0,0,14
java-websocket,org.java_websocket.issues.issue580test.runnocloseblockingtestscenario4,0,107,0,1,1,4,1,0,0,1,0,0,0,2,0,0,14
java-websocket,org.java_websocket.issues.issue580test.runnocloseblockingtestscenario5,0,107,0,1,1,4,1,0,0,1,0,0,0,2,0,0,14
java-websocket,org.java_websocket.issues.issue580test.runnocloseblockingtestscenario6,0,107,0,1,1,4,1,0,0,1,0,0,0,2,0,0,14
java-websocket,org.java_websocket.issues.issue580test.runnocloseblockingtestscenario7,1,107,0,1,1,4,1,0,0,1,0,0,0,2,0,0,14
java-websocket,org.java_websocket.issues.issue580test.runnocloseblockingtestscenario8,0,107,0,1,1,4,1,0,0,1,0,0,0,2,0,0,14
java-websocket,org.java_websocket.issues.issue580test.runnocloseblockingtestscenario9,0,107,0,1,1,4,1,0,0,1,0,0,0,2,0,0,14
java-websocket,org.java_websocket.issues.issue609test.testissue,0,92,4,0,0,7,1,0,0,0,1,0,0,0,0,0,10
java-websocket,org.java_websocket.issues.issue621test.testissue,0,98,1,0,0,7,1,0,0,0,1,0,0,0,0,0,11
java-websocket,org.java_websocket.issues.issue666test.testclient,0,135,1,0,0,5,1,0,0,1,2,0,0,6,0,0,16
java-websocket,org.java_websocket.issues.issue666test.testserver,0,135,1,0,0,5,1,0,0,1,2,0,0,6,0,0,16
java-websocket,org.java_websocket.issues.issue677test.testissue,1,111,4,1,1,7,1,0,0,1,1,0,0,2,0,0,14
java-websocket,org.java_websocket.issues.issue713test.testissue,0,153,0,0,0,16,1,0,0,0,2,3,0,1,0,0,18
java-websocket,org.java_websocket.issues.issue732test.testissue,0,111,0,0,0,4,1,0,0,0,1,4,0,0,0,0,12
java-websocket,org.java_websocket.misc.openinghandshakerejectiontest.testhandshakerejectiontestcase0,0,263,1,0,0,4,1,0,1,1,12,3,1,21,0,0,30
java-websocket,org.java_websocket.misc.openinghandshakerejectiontest.testhandshakerejectiontestcase1,0,263,1,0,0,4,1,0,1,1,12,3,1,21,0,0,30
java-websocket,org.java_websocket.misc.openinghandshakerejectiontest.testhandshakerejectiontestcase10,0,263,1,0,0,4,1,0,1,1,12,3,1,21,0,0,30
java-websocket,org.java_websocket.misc.openinghandshakerejectiontest.testhandshakerejectiontestcase11,0,263,1,0,0,4,1,0,1,1,12,3,1,21,0,0,30
java-websocket,org.java_websocket.misc.openinghandshakerejectiontest.testhandshakerejectiontestcase2,0,263,1,0,0,4,1,0,1,1,12,3,1,21,0,0,30
java-websocket,org.java_websocket.misc.openinghandshakerejectiontest.testhandshakerejectiontestcase3,0,263,1,0,0,4,1,0,1,1,12,3,1,21,0,0,30
java-websocket,org.java_websocket.misc.openinghandshakerejectiontest.testhandshakerejectiontestcase4,0,263,1,0,0,4,1,0,1,1,12,3,1,21,0,0,30
java-websocket,org.java_websocket.misc.openinghandshakerejectiontest.testhandshakerejectiontestcase5,0,263,1,0,0,4,1,0,1,1,12,3,1,21,0,0,30
java-websocket,org.java_websocket.misc.openinghandshakerejectiontest.testhandshakerejectiontestcase6,0,263,1,0,0,4,1,0,1,1,12,3,1,21,0,0,30
java-websocket,org.java_websocket.misc.openinghandshakerejectiontest.testhandshakerejectiontestcase7,0,263,1,0,0,4,1,0,1,1,12,3,1,21,0,0,30
java-websocket,org.java_websocket.misc.openinghandshakerejectiontest.testhandshakerejectiontestcase8,0,263,1,0,0,4,1,0,1,1,12,3,1,21,0,0,30
java-websocket,org.java_websocket.misc.openinghandshakerejectiontest.testhandshakerejectiontestcase9,0,263,1,0,0,4,1,0,1,1,12,3,1,21,0,0,30
java-websocket,org.java_websocket.protocols.protocoltest.testacceptprovidedprotocol,0,98,25,0,0,0,0,0,0,0,7,1,0,0,0,0,7
java-websocket,org.java_websocket.protocols.protocoltest.testconstructor,0,98,25,0,0,0,0,0,0,0,7,1,0,0,0,0,7
java-websocket,org.java_websocket.protocols.protocoltest.testcopyinstance,0,98,25,0,0,0,0,0,0,0,7,1,0,0,0,0,7
java-websocket,org.java_websocket.protocols.protocoltest.testequals,0,98,25,0,0,0,0,0,0,0,7,1,0,0,0,0,7
java-websocket,org.java_websocket.protocols.protocoltest.testgetprovidedprotocol,0,98,25,0,0,0,0,0,0,0,7,1,0,0,0,0,7
java-websocket,org.java_websocket.protocols.protocoltest.testhashcode,0,98,25,0,0,0,0,0,0,0,7,1,0,0,0,0,7
java-websocket,org.java_websocket.protocols.protocoltest.testtostring,0,98,25,0,0,0,0,0,0,0,7,1,0,0,0,0,7
java-websocket,org.java_websocket.util.bytebufferutilstest.testemptybytebuffercapacity,0,117,20,0,0,0,0,0,0,0,8,3,0,0,0,0,8
java-websocket,org.java_websocket.util.bytebufferutilstest.testemptybytebuffernewobject,0,117,20,0,0,0,0,0,0,0,8,3,0,0,0,0,8
java-websocket,org.java_websocket.util.bytebufferutilstest.testtransferbytebufferbigtosmall,0,117,20,0,0,0,0,0,0,0,8,3,0,0,0,0,8
java-websocket,org.java_websocket.util.bytebufferutilstest.testtransferbytebufferchecknullboth,0,117,20,0,0,0,0,0,0,0,8,3,0,0,0,0,8
java-websocket,org.java_websocket.util.bytebufferutilstest.testtransferbytebufferchecknulldest,0,117,20,0,0,0,0,0,0,0,8,3,0,0,0,0,8
java-websocket,org.java_websocket.util.bytebufferutilstest.testtransferbytebufferchecknullsource,0,117,20,0,0,0,0,0,0,0,8,3,0,0,0,0,8
java-websocket,org.java_websocket.util.bytebufferutilstest.testtransferbytebuffersmalltobig,0,117,20,0,0,0,0,0,0,0,8,3,0,0,0,0,8
java-websocket,org.java_websocket.util.bytebufferutilstest.testtransferbytebuffersmalltoempty,0,117,20,0,0,0,0,0,0,0,8,3,0,0,0,0,8
wildfly,org.jboss.as.ee.subsystem.eelegacysubsystemtestcase.testlegacyconfigurations,0,133,1,0,0,0,0,1,0,0,2,0,0,5,0,0,9
wildfly,org.jboss.as.ee.subsystem.eelegacysubsystemtestcase.testsubsystem,0,133,1,0,0,0,0,1,0,0,2,0,0,5,0,0,9
wildfly,org.jboss.as.ee.subsystem.eeoperationstestcase.testmanagedexecutorfailureoperations,0,130,6,0,0,0,0,0,0,0,2,0,0,1,0,0,7
wildfly,org.jboss.as.ee.subsystem.eeoperationstestcase.testmanagedexecutoroperations,0,130,6,0,0,0,0,0,0,0,2,0,0,1,0,0,7
wildfly,org.jboss.as.ee.subsystem.eeoperationstestcase.testsubsystem,0,130,6,0,0,0,0,0,0,0,2,0,0,1,0,0,7
wildfly,org.jboss.as.ee.subsystem.eesubsystemtestcase.testschema,0,30,0,0,0,0,0,0,0,0,0,0,0,0,0,0,3
wildfly,org.jboss.as.ee.subsystem.eesubsystemtestcase.testsubsystem,0,30,0,0,0,0,0,0,0,0,0,0,0,0,0,0,3
wildfly,org.jboss.as.ee.subsystem.eesubsystemtestcase.testtransformersdiscardsimpliedvalueseap640,0,30,0,0,0,0,0,0,0,0,0,0,0,0,0,0,3
wildfly,org.jboss.as.ee.subsystem.eesubsystemtestcase.testtransformerseap640,0,30,0,0,0,0,0,0,0,0,0,0,0,0,0,0,3
wildfly,org.jboss.as.ee.subsystem.eesubsystemtestcase.testtransformerseap640reject,0,30,0,0,0,0,0,0,0,0,0,0,0,0,0,0,3
wildfly,org.jboss.as.ee.subsystem.eelegacysubsystemtestcase.testlegacyconfigurations,0,132,1,0,0,0,0,1,0,0,2,0,0,5,0,0,9
wildfly,org.jboss.as.ee.subsystem.eelegacysubsystemtestcase.testsubsystem,0,132,1,0,0,0,0,1,0,0,2,0,0,5,0,0,9
wildfly,org.jboss.as.ee.subsystem.eeoperationstestcase.testmanagedexecutorfailureoperations,0,130,6,0,0,0,0,0,0,0,2,0,0,1,0,0,7
wildfly,org.jboss.as.ee.subsystem.eeoperationstestcase.testmanagedexecutoroperations,0,130,6,0,0,0,0,0,0,0,2,0,0,1,0,0,7
wildfly,org.jboss.as.ee.subsystem.eeoperationstestcase.testsubsystem,0,130,6,0,0,0,0,0,0,0,2,0,0,1,0,0,7
wildfly,org.jboss.as.ee.subsystem.eesubsystemtestcase.testschema,0,30,0,0,0,0,0,0,0,0,0,0,0,0,0,0,3
wildfly,org.jboss.as.ee.subsystem.eesubsystemtestcase.testsubsystem,0,30,0,0,0,0,0,0,0,0,0,0,0,0,0,0,3
wildfly,org.jboss.as.ee.subsystem.eesubsystemtestcase.testtransformersdiscardsimpliedvalueseap640,0,30,0,0,0,0,0,0,0,0,0,0,0,0,0,0,3
wildfly,org.jboss.as.ee.subsystem.eesubsystemtestcase.testtransformerseap640,0,30,0,0,0,0,0,0,0,0,0,0,0,0,0,0,3
wildfly,org.jboss.as.ee.subsystem.eesubsystemtestcase.testtransformerseap640reject,0,30,0,0,0,0,0,0,0,0,0,0,0,0,0,0,3
wildfly,org.jboss.as.connector.subsystems.jca.jcasubsystemtestcase.testccmhandling,0,177,16,0,0,0,0,0,0,0,5,0,0,0,0,0,9
wildfly,org.jboss.as.connector.subsystems.jca.jcasubsystemtestcase.testexpressionconfig,0,177,16,0,0,0,0,0,0,0,5,0,0,0,0,0,9
wildfly,org.jboss.as.connector.subsystems.jca.jcasubsystemtestcase.testfullconfig,0,177,16,0,0,0,0,0,0,0,5,0,0,0,0,0,9
wildfly,org.jboss.as.connector.subsystems.jca.jcasubsystemtestcase.testschema,0,177,16,0,0,0,0,0,0,0,5,0,0,0,0,0,9
wildfly,org.jboss.as.connector.subsystems.jca.jcasubsystemtestcase.testschemaofsubsystemtemplates,0,177,16,0,0,0,0,0,0,0,5,0,0,0,0,0,9
wildfly,org.jboss.as.connector.subsystems.jca.jcasubsystemtestcase.testsubsystem,0,177,16,0,0,0,0,0,0,0,5,0,0,0,0,0,9
wildfly,org.jboss.as.connector.subsystems.jca.jcasubsystemtestcase.testtransformereap7,0,177,16,0,0,0,0,0,0,0,5,0,0,0,0,0,9
wildfly,org.jboss.as.connector.subsystems.jca.jcasubsystemtestcase.testtransformereap7elytron,0,177,16,0,0,0,0,0,0,0,5,0,0,0,0,0,9
wildfly,org.wildfly.dist.subsystem.xml.xsdvalidationunittestcase.testjbossxsds,0,19,0,0,0,0,0,0,0,0,1,0,0,0,0,0,1
wildfly,org.jboss.as.ee.subsystem.eelegacysubsystemtestcase.testlegacyconfigurations,0,160,11,0,0,0,0,1,0,0,2,0,0,5,0,0,9
wildfly,org.jboss.as.ee.subsystem.eelegacysubsystemtestcase.testsubsystem,0,160,11,0,0,0,0,1,0,0,2,0,0,5,0,0,9
wildfly,org.jboss.as.ee.subsystem.eeoperationstestcase.testmanagedexecutorfailureoperations,0,99,5,0,0,0,0,0,0,0,4,0,0,2,0,0,6
wildfly,org.jboss.as.ee.subsystem.eeoperationstestcase.testmanagedexecutoroperations,0,99,5,0,0,0,0,0,0,0,4,0,0,2,0,0,6
wildfly,org.jboss.as.ee.subsystem.eeoperationstestcase.testsubsystem,0,99,5,0,0,0,0,0,0,0,4,0,0,2,0,0,6
wildfly,org.jboss.as.ee.subsystem.eesubsystemtestcase.testschema,0,30,0,0,0,0,0,0,0,0,0,0,0,0,0,0,3
wildfly,org.jboss.as.ee.subsystem.eesubsystemtestcase.testsubsystem,0,30,0,0,0,0,0,0,0,0,0,0,0,0,0,0,3
wildfly,org.jboss.as.ee.subsystem.eesubsystemtestcase.testtransformersdiscardsimpliedvalueseap640,0,30,0,0,0,0,0,0,0,0,0,0,0,0,0,0,3
wildfly,org.jboss.as.ee.subsystem.eesubsystemtestcase.testtransformerseap640,0,30,0,0,0,0,0,0,0,0,0,0,0,0,0,0,3
wildfly,org.jboss.as.ee.subsystem.eesubsystemtestcase.testtransformerseap640reject,0,30,0,0,0,0,0,0,0,0,0,0,0,0,0,0,3
wildfly,org.wildfly.dist.subsystem.xml.xsdvalidationunittestcase.testjbossxsds,0,20,0,0,0,0,0,0,0,0,1,0,0,0,0,0,1
wildfly,org.jboss.as.ejb3.concurrency.ejbreadwritelocktest.testillegalloopback,0,183,2,2,1,8,1,0,0,1,3,3,1,1,0,0,6
wildfly,org.jboss.as.ejb3.concurrency.ejbreadwritelocktest.testsamethreadcangetwritethenreadlock,0,183,2,2,1,8,1,0,0,1,3,3,1,1,0,0,6
wildfly,org.jboss.as.ejb3.concurrency.ejbreadwritelocktest.testtimeout,0,183,2,2,1,8,1,0,0,1,3,3,1,1,0,0,6
wildfly,org.jboss.as.ejb3.deployment.processors.viewinterfacestestcase.testgroovyclass,0,42,4,0,0,0,0,0,0,0,2,0,0,0,0,0,2
wildfly,org.jboss.as.ejb3.deployment.processors.viewinterfacestestcase.testjavaclass,0,42,4,0,0,0,0,0,0,0,2,0,0,0,0,0,2
wildfly,org.jboss.as.ejb3.pool.strictmax.strictmaxunittestcase.test1,0,113,8,0,0,7,1,0,0,1,3,1,0,6,0,0,3
wildfly,org.jboss.as.ejb3.pool.strictmax.strictmaxunittestcase.testmultithread,0,113,8,0,0,7,1,0,0,1,3,1,0,6,0,0,3
wildfly,org.jboss.as.ejb3.pool.strictmax.strictmaxunittestcase.testtoomany,0,113,8,0,0,7,1,0,0,1,3,1,0,6,0,0,3
wildfly,org.jboss.as.ejb3.subsystem.ejb3subsystemunittestcase.test15,0,234,58,0,0,0,0,0,0,0,4,0,0,0,0,0,8
wildfly,org.jboss.as.ejb3.subsystem.ejb3subsystemunittestcase.testpoolsizealternatives,0,234,58,0,0,0,0,0,0,0,4,0,0,0,0,0,8
wildfly,org.jboss.as.ejb3.subsystem.ejb3subsystemunittestcase.testschema,0,234,58,0,0,0,0,0,0,0,4,0,0,0,0,0,8
wildfly,org.jboss.as.ejb3.subsystem.ejb3subsystemunittestcase.testschemaofsubsystemtemplates,0,234,58,0,0,0,0,0,0,0,4,0,0,0,0,0,8
wildfly,org.jboss.as.ejb3.subsystem.ejb3subsystemunittestcase.testsubsystem,0,234,58,0,0,0,0,0,0,0,4,0,0,0,0,0,8
wildfly,org.jboss.as.ejb3.subsystem.ejb3transformerstestcase.testrejectionseap640,0,135,6,0,0,0,0,0,0,0,2,0,0,2,0,0,4
wildfly,org.jboss.as.ejb3.subsystem.ejb3transformerstestcase.testschema,0,135,6,0,0,0,0,0,0,0,2,0,0,2,0,0,4
wildfly,org.jboss.as.ejb3.subsystem.ejb3transformerstestcase.testschemaofsubsystemtemplates,0,135,6,0,0,0,0,0,0,0,2,0,0,2,0,0,4
wildfly,org.jboss.as.ejb3.subsystem.ejb3transformerstestcase.testsubsystem,0,135,6,0,0,0,0,0,0,0,2,0,0,2,0,0,4
wildfly,org.jboss.as.ejb3.subsystem.ejb3transformerstestcase.testtransformereap640,0,135,6,0,0,0,0,0,0,0,2,0,0,2,0,0,4
wildfly,org.wildfly.iiop.openjdk.iiopsubsystem1_0testcase.testschema,0,34,0,0,0,0,0,0,0,0,0,0,0,0,0,0,3
wildfly,org.wildfly.iiop.openjdk.iiopsubsystem1_0testcase.testsubsystem,0,34,0,0,0,0,0,0,0,0,0,0,0,0,0,0,3
wildfly,org.wildfly.iiop.openjdk.iiopsubsystemtestcase.testexpressions,0,157,28,0,0,0,0,0,0,0,7,2,0,0,0,0,9
wildfly,org.wildfly.iiop.openjdk.iiopsubsystemtestcase.testparseemptysubsystem,0,157,28,0,0,0,0,0,0,0,7,2,0,0,0,0,9
wildfly,org.wildfly.iiop.openjdk.iiopsubsystemtestcase.testparsesubsystemwithbadchild,0,157,28,0,0,0,0,0,0,0,7,2,0,0,0,0,9
wildfly,org.wildfly.iiop.openjdk.iiopsubsystemtestcase.testschema,0,157,28,0,0,0,0,0,0,0,7,2,0,0,0,0,9
wildfly,org.wildfly.iiop.openjdk.iiopsubsystemtestcase.testschemaofsubsystemtemplates,0,157,28,0,0,0,0,0,0,0,7,2,0,0,0,0,9
wildfly,org.wildfly.iiop.openjdk.iiopsubsystemtestcase.testsubsystem,0,157,28,0,0,0,0,0,0,0,7,2,0,0,0,0,9
wildfly,org.wildfly.iiop.openjdk.iiopsubsystemtestcase.testsubsystem_1_0,0,157,28,0,0,0,0,0,0,0,7,2,0,0,0,0,9
wildfly,org.wildfly.iiop.openjdk.iiopsubsystemtestcase.testsubsystemwithsecurityclient,0,157,28,0,0,0,0,0,0,0,7,2,0,0,0,0,9
wildfly,org.wildfly.iiop.openjdk.iiopsubsystemtestcase.testsubsystemwithsecurityidentity,0,157,28,0,0,0,0,0,0,0,7,2,0,0,0,0,9
wildfly,org.jboss.as.jaxrs.jaxrssubsystemtestcase.testschema,0,28,0,0,0,0,0,0,0,0,1,0,0,0,0,0,4
wildfly,org.jboss.as.jaxrs.jaxrssubsystemtestcase.testschemaofsubsystemtemplates,0,28,0,0,0,0,0,0,0,0,1,0,0,0,0,0,4
wildfly,org.jboss.as.jaxrs.jaxrssubsystemtestcase.testsubsystem,0,28,0,0,0,0,0,0,0,0,1,0,0,0,0,0,4
wildfly,org.jboss.as.jdr.fstreetest.testtree,0,30,1,0,0,0,0,1,0,0,1,0,1,0,0,0,3
wildfly,org.jboss.as.jdr.jdrsubsystemtestcase.testparsesubsystemwithbadattribute,0,74,0,0,0,0,0,0,0,1,2,0,0,0,0,0,9
wildfly,org.jboss.as.jdr.jdrsubsystemtestcase.testparsesubsystemwithbadchild,0,74,0,0,0,0,0,0,0,1,2,0,0,0,0,0,9
wildfly,org.jboss.as.jdr.jdrsubsystemtestcase.testschema,0,74,0,0,0,0,0,0,0,1,2,0,0,0,0,0,9
wildfly,org.jboss.as.jdr.jdrsubsystemtestcase.testschemaofsubsystemtemplates,0,74,0,0,0,0,0,0,0,1,2,0,0,0,0,0,9
wildfly,org.jboss.as.jdr.jdrsubsystemtestcase.testsubsystem,0,74,0,0,0,0,0,0,0,1,2,0,0,0,0,0,9
wildfly,org.jboss.as.jdr.jdrtestcase.testblacklistfilter,0,160,25,0,0,0,0,1,0,0,8,1,0,6,0,0,8
wildfly,org.jboss.as.jdr.jdrtestcase.testjdrzipname,0,160,25,0,0,0,0,1,0,0,8,1,0,6,0,0,8
wildfly,org.jboss.as.jdr.jdrtestcase.testpatternsanitizer,0,160,25,0,0,0,0,1,0,0,8,1,0,6,0,0,8
wildfly,org.jboss.as.jdr.jdrtestcase.testwildcardfilteracceptanything,0,160,25,0,0,0,0,1,0,0,8,1,0,6,0,0,8
wildfly,org.jboss.as.jdr.jdrtestcase.testwildcardfiltermiddleglob,0,160,25,0,0,0,0,1,0,0,8,1,0,6,0,0,8
wildfly,org.jboss.as.jdr.jdrtestcase.testwildcardfilterprefixglob,0,160,25,0,0,0,0,1,0,0,8,1,0,6,0,0,8
wildfly,org.jboss.as.jdr.jdrtestcase.testwildcardfiltersuffixglob,0,160,25,0,0,0,0,1,0,0,8,1,0,6,0,0,8
wildfly,org.jboss.as.jdr.jdrtestcase.testxmlsanitizer,0,160,25,0,0,0,0,1,0,0,8,1,0,6,0,0,8
wildfly,org.jboss.as.jpa.classloader.tempclassloadertestcase.testloadentityclass,0,57,8,0,0,0,0,0,0,0,3,0,0,2,0,0,4
wildfly,org.jboss.as.jpa.classloader.tempclassloadertestcase.testloadentityclasspackage,0,57,8,0,0,0,0,0,0,0,3,0,0,2,0,0,4
wildfly,org.jboss.as.jpa.classloader.tempclassloadertestcase.testloadresources,0,57,8,0,0,0,0,0,0,0,3,0,0,2,0,0,4
wildfly,org.jboss.as.jpa.puparser.persistenceunitxmlparsertestcase.testversion,0,94,19,0,0,0,0,0,0,0,3,0,0,0,0,0,3
wildfly,org.jboss.as.jpa.subsystem.jpa10subsystemtestcase.testsubsystem,0,28,0,0,0,0,0,0,0,0,1,0,0,0,0,0,3
wildfly,org.jboss.as.jpa.subsystem.jpa11subsystemtestcase.testschema,0,28,0,0,0,0,0,0,0,0,1,0,0,0,0,0,3
wildfly,org.jboss.as.jpa.subsystem.jpa11subsystemtestcase.testschemaofsubsystemtemplates,0,28,0,0,0,0,0,0,0,0,1,0,0,0,0,0,3
wildfly,org.jboss.as.jpa.subsystem.jpa11subsystemtestcase.testsubsystem,0,28,0,0,0,0,0,0,0,0,1,0,0,0,0,0,3
wildfly,org.jboss.as.jsf.deployment.jsfmoduleidfactorytestcase.computeslottest,0,64,22,0,0,0,0,0,0,0,4,0,0,0,0,0,4
wildfly,org.jboss.as.jsf.deployment.jsfmoduleidfactorytestcase.getactivejsfversionstest,0,64,22,0,0,0,0,0,0,0,4,0,0,0,0,0,4
wildfly,org.jboss.as.jsf.deployment.jsfmoduleidfactorytestcase.modidstest,0,64,22,0,0,0,0,0,0,0,4,0,0,0,0,0,4
wildfly,org.jboss.as.jsf.deployment.jsfmoduleidfactorytestcase.validslottest,0,64,22,0,0,0,0,0,0,0,4,0,0,0,0,0,4
wildfly,org.jboss.as.jsf.subsystem.jsfsubsystemtestcase.testschema,0,43,2,0,0,0,0,0,0,0,1,0,0,0,0,0,3
wildfly,org.jboss.as.jsf.subsystem.jsfsubsystemtestcase.testschemaofsubsystemtemplates,0,43,2,0,0,0,0,0,0,0,1,0,0,0,0,0,3
wildfly,org.jboss.as.jsf.subsystem.jsfsubsystemtestcase.testsubsystem,0,43,2,0,0,0,0,0,0,0,1,0,0,0,0,0,3
wildfly,org.jboss.as.jsr77.subsystem.jsr77managementsubsystemtestcase.testschema,0,28,0,0,0,0,0,0,0,0,0,0,0,0,0,0,3
wildfly,org.jboss.as.jsr77.subsystem.jsr77managementsubsystemtestcase.testschemaofsubsystemtemplates,0,28,0,0,0,0,0,0,0,0,0,0,0,0,0,0,3
wildfly,org.jboss.as.jsr77.subsystem.jsr77managementsubsystemtestcase.testsubsystem,0,28,0,0,0,0,0,0,0,0,0,0,0,0,0,0,3
wildfly,org.jboss.as.security.jsseparsingunittestcase.testparsemissingpasswordjsse,0,101,2,0,0,0,0,0,0,0,3,2,1,0,0,0,5
wildfly,org.jboss.as.security.jsseparsingunittestcase.testparsevalidjsse,0,101,2,0,0,0,0,0,0,0,3,2,1,0,0,0,5
wildfly,org.jboss.as.security.jsseparsingunittestcase.testparsewrongjsse,0,101,2,0,0,0,0,0,0,0,3,2,1,0,0,0,5
wildfly,org.wildfly.mod_cluster.undertow.undertowhosttestcase.findcontext,0,75,11,0,0,0,0,0,0,0,5,0,0,0,0,0,5
wildfly,org.wildfly.mod_cluster.undertow.undertowhosttestcase.getaliases,0,75,11,0,0,0,0,0,0,0,5,0,0,0,0,0,5
wildfly,org.wildfly.mod_cluster.undertow.undertowhosttestcase.getcontexts,0,75,11,0,0,0,0,0,0,0,5,0,0,0,0,0,5
wildfly,org.wildfly.mod_cluster.undertow.undertowhosttestcase.getengine,0,75,11,0,0,0,0,0,0,0,5,0,0,0,0,0,5
wildfly,org.wildfly.mod_cluster.undertow.undertowhosttestcase.getname,0,75,11,0,0,0,0,0,0,0,5,0,0,0,0,0,5
wildfly,org.jboss.as.naming.externalcontextsnavigablesettestcase.testgetparentcontext,0,32,5,0,0,0,0,0,0,0,1,0,0,0,0,0,1
wildfly,org.jboss.as.naming.initialcontextfactorytestcase.testinitialfactory,0,43,3,0,0,0,0,0,0,0,2,0,1,1,0,0,3
wildfly,org.jboss.as.naming.initialcontextfactorytestcase.testjavacontext,0,43,3,0,0,0,0,0,0,0,2,0,1,1,0,0,3
wildfly,org.jboss.as.naming.initialcontexttestcase.testregisterurlschemehandler,0,65,2,0,0,0,0,0,0,0,1,3,1,0,0,0,5
wildfly,org.jboss.as.naming.inmemorynamingstoretestcase.testautoremove,0,219,23,0,0,0,0,0,0,0,16,11,1,8,0,0,17
wildfly,org.jboss.as.naming.inmemorynamingstoretestcase.testbindandlookup,0,219,23,0,0,0,0,0,0,0,16,11,1,8,0,0,17
wildfly,org.jboss.as.naming.inmemorynamingstoretestcase.testbindandlookupresolveresult,0,219,23,0,0,0,0,0,0,0,16,11,1,8,0,0,17
wildfly,org.jboss.as.naming.inmemorynamingstoretestcase.testbindandrebind,0,219,23,0,0,0,0,0,0,0,16,11,1,8,0,0,17
wildfly,org.jboss.as.naming.inmemorynamingstoretestcase.testbindemptyname,0,219,23,0,0,0,0,0,0,0,16,11,1,8,0,0,17
wildfly,org.jboss.as.naming.inmemorynamingstoretestcase.testbindunbindlookup,0,219,23,0,0,0,0,0,0,0,16,11,1,8,0,0,17
wildfly,org.jboss.as.naming.inmemorynamingstoretestcase.testlist,0,219,23,0,0,0,0,0,0,0,16,11,1,8,0,0,17
wildfly,org.jboss.as.naming.inmemorynamingstoretestcase.testlistbindings,0,219,23,0,0,0,0,0,0,0,16,11,1,8,0,0,17
wildfly,org.jboss.as.naming.inmemorynamingstoretestcase.testlistbindingsnamenotfound,0,219,23,0,0,0,0,0,0,0,16,11,1,8,0,0,17
wildfly,org.jboss.as.naming.inmemorynamingstoretestcase.testlistnamenotfound,0,219,23,0,0,0,0,0,0,0,16,11,1,8,0,0,17
wildfly,org.jboss.as.naming.inmemorynamingstoretestcase.testlookupemptyname,0,219,23,0,0,0,0,0,0,0,16,11,1,8,0,0,17
wildfly,org.jboss.as.naming.inmemorynamingstoretestcase.testlookupnamenotfound,0,219,23,0,0,0,0,0,0,0,16,11,1,8,0,0,17
wildfly,org.jboss.as.naming.inmemorynamingstoretestcase.testrebindandlookup,0,219,23,0,0,0,0,0,0,0,16,11,1,8,0,0,17
wildfly,org.jboss.as.naming.inmemorynamingstoretestcase.testrebindemptyname,0,219,23,0,0,0,0,0,0,0,16,11,1,8,0,0,17
wildfly,org.jboss.as.naming.inmemorynamingstoretestcase.testrebindinvalidcontext,0,219,23,0,0,0,0,0,0,0,16,11,1,8,0,0,17
wildfly,org.jboss.as.naming.inmemorynamingstoretestcase.testunbindnotfound,0,219,23,0,0,0,0,0,0,0,16,11,1,8,0,0,17
wildfly,org.jboss.as.naming.namingcontexttestcase.testbind,0,426,33,0,0,0,0,0,0,0,20,8,1,26,0,0,30
wildfly,org.jboss.as.naming.namingcontexttestcase.testbindreferenceable,0,426,33,0,0,0,0,0,0,0,20,8,1,26,0,0,30
wildfly,org.jboss.as.naming.namingcontexttestcase.testcreatesubcontext,0,426,33,0,0,0,0,0,0,0,20,8,1,26,0,0,30
wildfly,org.jboss.as.naming.namingcontexttestcase.testlist,0,426,33,0,0,0,0,0,0,0,20,8,1,26,0,0,30
wildfly,org.jboss.as.naming.namingcontexttestcase.testlistbindings,0,426,33,0,0,0,0,0,0,0,20,8,1,26,0,0,30
wildfly,org.jboss.as.naming.namingcontexttestcase.testlistbindingsnamenotfound,0,426,33,0,0,0,0,0,0,0,20,8,1,26,0,0,30
wildfly,org.jboss.as.naming.namingcontexttestcase.testlistbindingswithcontinuation,0,426,33,0,0,0,0,0,0,0,20,8,1,26,0,0,30
wildfly,org.jboss.as.naming.namingcontexttestcase.testlistnamenotfound,0,426,33,0,0,0,0,0,0,0,20,8,1,26,0,0,30
wildfly,org.jboss.as.naming.namingcontexttestcase.testlistwithcontinuation,0,426,33,0,0,0,0,0,0,0,20,8,1,26,0,0,30
wildfly,org.jboss.as.naming.namingcontexttestcase.testlookup,0,426,33,0,0,0,0,0,0,0,20,8,1,26,0,0,30
wildfly,org.jboss.as.naming.namingcontexttestcase.testlookupcontextlink,0,426,33,0,0,0,0,0,0,0,20,8,1,26,0,0,30
wildfly,org.jboss.as.naming.namingcontexttestcase.testlookupemptyname,0,426,33,0,0,0,0,0,0,0,20,8,1,26,0,0,30
wildfly,org.jboss.as.naming.namingcontexttestcase.testlookuplink,0,426,33,0,0,0,0,0,0,0,20,8,1,26,0,0,30
wildfly,org.jboss.as.naming.namingcontexttestcase.testlookupnamenotfound,0,426,33,0,0,0,0,0,0,0,20,8,1,26,0,0,30
wildfly,org.jboss.as.naming.namingcontexttestcase.testlookupreference,0,426,33,0,0,0,0,0,0,0,20,8,1,26,0,0,30
wildfly,org.jboss.as.naming.namingcontexttestcase.testlookupwithcontinuation,0,426,33,0,0,0,0,0,0,0,20,8,1,26,0,0,30
wildfly,org.jboss.as.naming.namingcontexttestcase.testlookupwitresolveresult,0,426,33,0,0,0,0,0,0,0,20,8,1,26,0,0,30
wildfly,org.jboss.as.naming.namingcontexttestcase.testrebind,0,426,33,0,0,0,0,0,0,0,20,8,1,26,0,0,30
wildfly,org.jboss.as.naming.namingcontexttestcase.testrebindreferenceable,0,426,33,0,0,0,0,0,0,0,20,8,1,26,0,0,30
wildfly,org.jboss.as.naming.namingcontexttestcase.testunbind,0,426,33,0,0,0,0,0,0,0,20,8,1,26,0,0,30
wildfly,org.jboss.as.naming.namingeventcoordinatortestcase.testfireallevent,0,141,15,0,0,12,1,0,0,0,5,0,1,0,0,0,11
wildfly,org.jboss.as.naming.namingeventcoordinatortestcase.testfiremultilevelevent,0,141,15,0,0,12,1,0,0,0,5,0,1,0,0,0,11
wildfly,org.jboss.as.naming.namingeventcoordinatortestcase.testfireobjectevent,0,141,15,0,0,12,1,0,0,0,5,0,1,0,0,0,11
wildfly,org.jboss.as.naming.namingeventcoordinatortestcase.testfireonelevelevent,0,141,15,0,0,12,1,0,0,0,5,0,1,0,0,0,11
wildfly,org.jboss.as.naming.namingeventcoordinatortestcase.testfiresubtreeevent,0,141,15,0,0,12,1,0,0,0,5,0,1,0,0,0,11
wildfly,org.jboss.as.naming.objectfactorytestcase.testbindandretrieveobjectfactoryfrominitialcontext,0,61,4,0,0,0,0,0,0,0,2,0,1,0,0,0,5
wildfly,org.jboss.as.naming.objectfactorytestcase.testbindandretrieveobjectfactoryfromnamingcontext,0,61,4,0,0,0,0,0,0,0,2,0,1,0,0,0,5
wildfly,org.jboss.as.naming.servicebasednamingstoretestcase.testlist,0,332,47,0,0,4,1,0,0,0,8,1,1,8,0,0,39
wildfly,org.jboss.as.naming.servicebasednamingstoretestcase.testlistbindings,0,332,47,0,0,4,1,0,0,0,8,1,1,8,0,0,39
wildfly,org.jboss.as.naming.servicebasednamingstoretestcase.testlookupbase,0,332,47,0,0,4,1,0,0,0,8,1,1,8,0,0,39
wildfly,org.jboss.as.naming.servicebasednamingstoretestcase.testlookupbinding,0,332,47,0,0,4,1,0,0,0,8,1,1,8,0,0,39
wildfly,org.jboss.as.naming.servicebasednamingstoretestcase.testlookupbindingusingnestedcontext,0,332,47,0,0,4,1,0,0,0,8,1,1,8,0,0,39
wildfly,org.jboss.as.naming.servicebasednamingstoretestcase.testlookupnestedcontext,0,332,47,0,0,4,1,0,0,0,8,1,1,8,0,0,39
wildfly,org.jboss.as.naming.servicebasednamingstoretestcase.testlookupparentcontext,0,332,47,0,0,4,1,0,0,0,8,1,1,8,0,0,39
wildfly,org.jboss.as.naming.servicebasednamingstoretestcase.teststoredcontext,0,332,47,0,0,4,1,0,0,0,8,1,1,8,0,0,39
wildfly,org.jboss.as.naming.writableservicebasednamingstoretestcase.testbind,0,346,19,0,0,7,1,0,0,0,12,13,1,4,0,0,14
wildfly,org.jboss.as.naming.writableservicebasednamingstoretestcase.testbindnested,0,346,19,0,0,7,1,0,0,0,12,13,1,4,0,0,14
wildfly,org.jboss.as.naming.writableservicebasednamingstoretestcase.testbindnoowner,0,346,19,0,0,7,1,0,0,0,12,13,1,4,0,0,14
wildfly,org.jboss.as.naming.writableservicebasednamingstoretestcase.testcreatesubcontext,0,346,19,0,0,7,1,0,0,0,12,13,1,4,0,0,14
wildfly,org.jboss.as.naming.writableservicebasednamingstoretestcase.testcreatesubcontextnoowner,0,346,19,0,0,7,1,0,0,0,12,13,1,4,0,0,14
wildfly,org.jboss.as.naming.writableservicebasednamingstoretestcase.testmultipleownersbindingreferences,0,346,19,0,0,7,1,0,0,0,12,13,1,4,0,0,14
wildfly,org.jboss.as.naming.writableservicebasednamingstoretestcase.testownerbindingreferences,0,346,19,0,0,7,1,0,0,0,12,13,1,4,0,0,14
wildfly,org.jboss.as.naming.writableservicebasednamingstoretestcase.testpermissions,0,346,19,0,0,7,1,0,0,0,12,13,1,4,0,0,14
wildfly,org.jboss.as.naming.writableservicebasednamingstoretestcase.testrebind,0,346,19,0,0,7,1,0,0,0,12,13,1,4,0,0,14
wildfly,org.jboss.as.naming.writableservicebasednamingstoretestcase.testrebindnoowner,0,346,19,0,0,7,1,0,0,0,12,13,1,4,0,0,14
wildfly,org.jboss.as.naming.writableservicebasednamingstoretestcase.testunbind,0,346,19,0,0,7,1,0,0,0,12,13,1,4,0,0,14
wildfly,org.jboss.as.naming.writableservicebasednamingstoretestcase.testunbindnoowner,0,346,19,0,0,7,1,0,0,0,12,13,1,4,0,0,14
wildfly,org.jboss.as.naming.subsystem.namingsubsystemtestcase.testcompositebindingops,0,118,6,0,0,0,0,0,0,0,4,0,0,2,0,0,7
wildfly,org.jboss.as.naming.subsystem.namingsubsystemtestcase.testcompositebindingupdate,0,118,6,0,0,0,0,0,0,0,4,0,0,2,0,0,7
wildfly,org.jboss.as.naming.subsystem.namingsubsystemtestcase.testonlyexternalcontextallowscache,0,118,6,0,0,0,0,0,0,0,4,0,0,2,0,0,7
wildfly,org.jboss.as.naming.subsystem.namingsubsystemtestcase.testrejectionseap6,1,118,6,0,0,0,0,0,0,0,4,0,0,2,0,0,7
wildfly,org.jboss.as.naming.subsystem.namingsubsystemtestcase.testrejectionseap7,1,118,6,0,0,0,0,0,0,0,4,0,0,2,0,0,7
wildfly,org.jboss.as.naming.subsystem.namingsubsystemtestcase.testschema,0,118,6,0,0,0,0,0,0,0,4,0,0,2,0,0,7
wildfly,org.jboss.as.naming.subsystem.namingsubsystemtestcase.testschemaofsubsystemtemplates,0,118,6,0,0,0,0,0,0,0,4,0,0,2,0,0,7
wildfly,org.jboss.as.naming.subsystem.namingsubsystemtestcase.testsubsystem,0,118,6,0,0,0,0,0,0,0,4,0,0,2,0,0,7
wildfly,org.wildfly.naming.java.permission.jndipermissiontestcase.testactions,0,157,93,0,0,0,0,0,0,0,7,1,0,0,0,0,7
wildfly,org.wildfly.naming.java.permission.jndipermissiontestcase.testcollection,0,157,93,0,0,0,0,0,0,0,7,1,0,0,0,0,7
wildfly,org.wildfly.naming.java.permission.jndipermissiontestcase.testcollectionsecurity,0,157,93,0,0,0,0,0,0,0,7,1,0,0,0,0,7
wildfly,org.wildfly.naming.java.permission.jndipermissiontestcase.testcollectionserialization,0,157,93,0,0,0,0,0,0,0,7,1,0,0,0,0,7
wildfly,org.wildfly.naming.java.permission.jndipermissiontestcase.testnameimplies,0,157,93,0,0,0,0,0,0,0,7,1,0,0,0,0,7
wildfly,org.wildfly.naming.java.permission.jndipermissiontestcase.testsecurity,0,157,93,0,0,0,0,0,0,0,7,1,0,0,0,0,7
wildfly,org.wildfly.naming.java.permission.jndipermissiontestcase.testserialization,0,157,93,0,0,0,0,0,0,0,7,1,0,0,0,0,7
wildfly,org.jboss.as.pojo.pojosubsystemtestcase.testsubsystem,0,35,0,0,0,0,0,0,0,0,0,0,0,0,0,0,4
wildfly,org.wildfly.dist.subsystem.xml.xsdvalidationunittestcase.testjbossxsds,0,19,0,0,0,0,0,0,0,0,1,0,0,0,0,0,1
wildfly,org.wildfly.extension.rts.rtssubsystemtestcase.testschema,0,28,0,0,0,0,0,0,0,0,0,0,0,0,0,0,3
wildfly,org.wildfly.extension.rts.rtssubsystemtestcase.testschemaofsubsystemtemplates,0,28,0,0,0,0,0,0,0,0,0,0,0,0,0,0,3
wildfly,org.wildfly.extension.rts.rtssubsystemtestcase.testsubsystem,0,28,0,0,0,0,0,0,0,0,0,0,0,0,0,0,3
wildfly,org.jboss.as.service.reflectionutilstest.donotfindgetterwithargument,0,40,4,0,0,0,0,0,0,0,3,0,0,0,0,0,3
wildfly,org.jboss.as.service.reflectionutilstest.findbooleangetter,0,40,4,0,0,0,0,0,0,0,3,0,0,0,0,0,3
wildfly,org.jboss.as.service.reflectionutilstest.findnonbooleangetter,0,40,4,0,0,0,0,0,0,0,3,0,0,0,0,0,3
wildfly,org.jboss.as.service.sarsubsystemtestcase.testschema,0,41,0,0,0,0,0,0,0,0,0,0,0,0,0,0,5
wildfly,org.jboss.as.service.sarsubsystemtestcase.testschemaofsubsystemtemplates,0,41,0,0,0,0,0,0,0,0,0,0,0,0,0,0,5
wildfly,org.jboss.as.service.sarsubsystemtestcase.testsubsystem,0,41,0,0,0,0,0,0,0,0,0,0,0,0,0,0,5
wildfly,org.jboss.as.test.smoke.datasource.dstestcase.testdatasource,0,101,2,0,0,0,0,0,0,0,2,4,0,2,0,0,4
wildfly,org.jboss.as.test.smoke.datasource.dstestcase.testdatasourceserialization,0,101,2,0,0,0,0,0,0,0,2,4,0,2,0,0,4
wildfly,org.jboss.as.test.smoke.jaxrs.jaxrstestcase.testjaxrs,0,44,1,0,0,0,0,0,1,0,1,0,0,0,0,0,5
wildfly,org.jboss.as.test.smoke.jms.jmsbridgetest.sendandreceivemessage,1,138,9,0,0,0,0,0,0,0,1,1,0,2,0,0,8
wildfly,org.jboss.as.test.smoke.jms.sendtojmsqueuetest.sendandreceivemessage,1,231,8,2,1,0,0,0,0,1,3,7,0,13,0,0,10
wildfly,org.jboss.as.test.smoke.jms.sendtojmsqueuetest.sendmessagewithclientacknowledge,0,231,8,2,1,0,0,0,0,1,3,7,0,13,0,0,10
wildfly,org.jboss.as.test.smoke.jms.sendtojmsqueuetest.sendmessagewithmissingclientacknowledge,0,231,8,2,1,0,0,0,0,1,3,7,0,13,0,0,10
wildfly,org.jboss.as.test.smoke.jms.sendtojmstopictest.sendmessage,0,111,2,0,0,0,0,0,0,0,1,2,0,5,0,0,6
wildfly,org.jboss.as.test.smoke.rar.rartestcase.helloworld,0,51,2,0,0,0,0,0,0,0,2,0,0,1,0,0,5
wildfly,org.jboss.as.test.smoke.rar.rartestcase.helloworld2,0,51,2,0,0,0,0,0,0,0,2,0,0,1,0,0,5
wildfly,org.jboss.as.test.smoke.sar.sartestcase.testmbean,0,49,0,0,0,0,0,0,0,0,1,0,0,0,0,0,5
wildfly,org.jboss.as.test.smoke.webservices.wstestcase.testaccess,0,171,15,0,0,0,0,0,1,0,4,0,0,5,0,1,14
wildfly,org.jboss.as.test.smoke.webservices.wstestcase.testmanagementdescription,0,171,15,0,0,0,0,0,1,0,4,0,0,5,0,1,14
wildfly,org.jboss.as.test.smoke.webservices.wstestcase.testmanagementdescriptionmetrics,0,171,15,0,0,0,0,0,1,0,4,0,0,5,0,1,14
wildfly,org.jboss.as.test.smoke.webservices.wstestcase.testwsdl,0,171,15,0,0,0,0,0,1,0,4,0,0,5,0,1,14
wildfly,org.jboss.as.test.integration.jsp.jsptagtestcase.test,1,47,2,0,0,0,0,0,1,0,1,0,0,0,0,0,5
wildfly,org.jboss.as.test.smoke.web.warnotasclienttest.testwardeployed,0,30,1,0,0,0,0,0,0,0,1,0,0,0,0,0,3
wildfly,org.jboss.as.test.smoke.web.wartestcase.testlegacyservlet,0,50,2,0,0,0,0,0,1,0,2,0,0,0,0,0,6
wildfly,org.jboss.as.test.smoke.web.wartestcase.testservlet,0,50,2,0,0,0,0,0,1,0,2,0,0,0,0,0,6
wildfly,org.jboss.as.txn.testwildflytsr.test,0,66,1,0,0,0,0,0,0,0,1,0,0,0,0,0,7
wildfly,org.jboss.as.txn.subsystem.transactionsubsystemtestcase.testasyncioexpressions,0,114,5,0,0,0,0,0,0,0,14,0,0,0,0,0,17
wildfly,org.jboss.as.txn.subsystem.transactionsubsystemtestcase.testexpressions,0,114,5,0,0,0,0,0,0,0,14,0,0,0,0,0,17
wildfly,org.jboss.as.txn.subsystem.transactionsubsystemtestcase.testjdbcstore,0,114,5,0,0,0,0,0,0,0,14,0,0,0,0,0,17
wildfly,org.jboss.as.txn.subsystem.transactionsubsystemtestcase.testjdbcstoreexpressions,0,114,5,0,0,0,0,0,0,0,14,0,0,0,0,0,17
wildfly,org.jboss.as.txn.subsystem.transactionsubsystemtestcase.testjdbcstoreminimal,0,114,5,0,0,0,0,0,0,0,14,0,0,0,0,0,17
wildfly,org.jboss.as.txn.subsystem.transactionsubsystemtestcase.testminimalconfig,0,114,5,0,0,0,0,0,0,0,14,0,0,0,0,0,17
wildfly,org.jboss.as.txn.subsystem.transactionsubsystemtestcase.testparser_eap_6_4,0,114,5,0,0,0,0,0,0,0,14,0,0,0,0,0,17
wildfly,org.jboss.as.txn.subsystem.transactionsubsystemtestcase.testparser_eap_7_0,0,114,5,0,0,0,0,0,0,0,14,0,0,0,0,0,17
wildfly,org.jboss.as.txn.subsystem.transactionsubsystemtestcase.testparser_eap_7_1,0,114,5,0,0,0,0,0,0,0,14,0,0,0,0,0,17
wildfly,org.jboss.as.txn.subsystem.transactionsubsystemtestcase.testrejecttransformerseap640,1,114,5,0,0,0,0,0,0,0,14,0,0,0,0,0,17
wildfly,org.jboss.as.txn.subsystem.transactionsubsystemtestcase.testrejecttransformerseap700,1,114,5,0,0,0,0,0,0,0,14,0,0,0,0,0,17
wildfly,org.jboss.as.txn.subsystem.transactionsubsystemtestcase.testrejecttransformerseap710,1,114,5,0,0,0,0,0,0,0,14,0,0,0,0,0,17
wildfly,org.jboss.as.txn.subsystem.transactionsubsystemtestcase.testschema,0,114,5,0,0,0,0,0,0,0,14,0,0,0,0,0,17
wildfly,org.jboss.as.txn.subsystem.transactionsubsystemtestcase.testschemaofsubsystemtemplates,0,114,5,0,0,0,0,0,0,0,14,0,0,0,0,0,17
wildfly,org.jboss.as.txn.subsystem.transactionsubsystemtestcase.testsubsystem,0,114,5,0,0,0,0,0,0,0,14,0,0,0,0,0,17
wildfly,org.jboss.as.txn.subsystem.transactionsubsystemtestcase.testtransformersfulleap640,1,114,5,0,0,0,0,0,0,0,14,0,0,0,0,0,17
wildfly,org.jboss.as.txn.subsystem.transactionsubsystemtestcase.testtransformersfulleap700,1,114,5,0,0,0,0,0,0,0,14,0,0,0,0,0,17
wildfly,org.jboss.as.txn.subsystem.transactionsubsystemtestcase.testtransformersfulleap710,1,114,5,0,0,0,0,0,0,0,14,0,0,0,0,0,17
wildfly,org.jboss.as.txn.subsystem.transactionsubsystemtestcase.testtxstats,0,114,5,0,0,0,0,0,0,0,14,0,0,0,0,0,17
wildfly,org.wildfly.extension.undertow.authmechanismparserunittestcase.testauthmechanismparsing,0,58,33,0,0,0,0,0,0,0,1,0,0,0,0,0,1
wildfly,org.wildfly.extension.undertow.undertowsubsystemtestcase.testruntime,0,32,0,0,0,0,0,0,0,0,0,0,0,0,0,0,3
wildfly,org.wildfly.extension.undertow.undertowsubsystemtestcase.testschema,0,32,0,0,0,0,0,0,0,0,0,0,0,0,0,0,3
wildfly,org.wildfly.extension.undertow.undertowsubsystemtestcase.testschemaofsubsystemtemplates,0,32,0,0,0,0,0,0,0,0,0,0,0,0,0,0,3
wildfly,org.wildfly.extension.undertow.undertowsubsystemtestcase.testsubsystem,0,32,0,0,0,0,0,0,0,0,0,0,0,0,0,0,3
wildfly,org.wildfly.extension.undertow.deployment.authmethodparsertest.testpemencoded,0,30,1,0,0,0,0,0,0,0,1,0,0,0,0,0,1
wildfly,org.wildfly.extension.undertow.session.codecsessionconfigtestcase.clearsession,0,83,4,0,0,0,0,0,0,0,5,0,0,0,0,0,5
wildfly,org.wildfly.extension.undertow.session.codecsessionconfigtestcase.findsessionid,0,83,4,0,0,0,0,0,0,0,5,0,0,0,0,0,5
wildfly,org.wildfly.extension.undertow.session.codecsessionconfigtestcase.rewriteurl,0,83,4,0,0,0,0,0,0,0,5,0,0,0,0,0,5
wildfly,org.wildfly.extension.undertow.session.codecsessionconfigtestcase.sessioncookiesource,0,83,4,0,0,0,0,0,0,0,5,0,0,0,0,0,5
wildfly,org.wildfly.extension.undertow.session.codecsessionconfigtestcase.setsessionid,0,83,4,0,0,0,0,0,0,0,5,0,0,0,0,0,5
wildfly,org.jboss.as.web.session.simpleroutingsupporttestcase.format,0,44,16,0,0,0,0,0,0,0,2,0,0,0,0,0,2
wildfly,org.jboss.as.web.session.simpleroutingsupporttestcase.parse,0,44,16,0,0,0,0,0,0,0,2,0,0,0,0,0,2
wildfly,org.jboss.as.weld.weldsubsystemtestcase.testschema,0,122,5,0,0,0,0,0,0,0,7,0,0,3,0,0,11
wildfly,org.jboss.as.weld.weldsubsystemtestcase.testschemaofsubsystemtemplates,0,122,5,0,0,0,0,0,0,0,7,0,0,3,0,0,11
wildfly,org.jboss.as.weld.weldsubsystemtestcase.testsubsystem,0,122,5,0,0,0,0,0,0,0,7,0,0,3,0,0,11
wildfly,org.jboss.as.weld.weldsubsystemtestcase.testsubsystem10,0,122,5,0,0,0,0,0,0,0,7,0,0,3,0,0,11
wildfly,org.jboss.as.weld.weldsubsystemtestcase.testsubsystem20,0,122,5,0,0,0,0,0,0,0,7,0,0,3,0,0,11
wildfly,org.jboss.as.weld.weldsubsystemtestcase.testsubsystem30,0,122,5,0,0,0,0,0,0,0,7,0,0,3,0,0,11
wildfly,org.jboss.as.weld.weldsubsystemtestcase.testtransformersaseap640,0,122,5,0,0,0,0,0,0,0,7,0,0,3,0,0,11
wildfly,org.jboss.as.weld.weldsubsystemtestcase.testtransformerseap70,0,122,5,0,0,0,0,0,0,0,7,0,0,3,0,0,11
wildfly,org.jboss.as.weld.weldsubsystemtestcase.testtransformersrejectionaseap640,0,122,5,0,0,0,0,0,0,0,7,0,0,3,0,0,11
wildfly,org.jboss.as.weld.weldsubsystemtestcase.testtransformersrejectioneap700,0,122,5,0,0,0,0,0,0,0,7,0,0,3,0,0,11
wildfly,org.jboss.as.weld.discovery.weldclassfileservicestest.testcontainsannotation,0,112,44,0,0,0,0,0,0,1,10,0,1,0,0,0,11
wildfly,org.jboss.as.weld.discovery.weldclassfileservicestest.testcontainsannotationreflectionfallback,0,112,44,0,0,0,0,0,0,1,10,0,1,0,0,0,11
wildfly,org.jboss.as.weld.discovery.weldclassfileservicestest.testisannotationdeclared,0,112,44,0,0,0,0,0,0,1,10,0,1,0,0,0,11
wildfly,org.jboss.as.weld.discovery.weldclassfileservicestest.testisassignablefrom,0,112,44,0,0,0,0,0,0,1,10,0,1,0,0,0,11
wildfly,org.jboss.as.weld.discovery.weldclassfileservicestest.testisassignablefromobject,0,112,44,0,0,0,0,0,0,1,10,0,1,0,0,0,11
wildfly,org.jboss.as.weld.discovery.weldclassfileservicestest.testisassignableto,0,112,44,0,0,0,0,0,0,1,10,0,1,0,0,0,11
wildfly,org.jboss.as.weld.discovery.weldclassfileservicestest.testisassignabletoobject,0,112,44,0,0,0,0,0,0,1,10,0,1,0,0,0,11
wildfly,org.jboss.as.weld.discovery.weldclassfileservicestest.testmodifiers,0,112,44,0,0,0,0,0,0,1,10,0,1,0,0,0,11
wildfly,org.jboss.as.weld.discovery.weldclassfileservicestest.testsuperclassname,0,112,44,0,0,0,0,0,0,1,10,0,1,0,0,0,11
wildfly,org.jboss.as.weld.discovery.weldclassfileservicestest.testtoplevelclass,0,112,44,0,0,0,0,0,0,1,10,0,1,0,0,0,11
wildfly,org.jboss.as.weld.discovery.weldclassfileservicestest.testveto,0,112,44,0,0,0,0,0,0,1,10,0,1,0,0,0,11
wildfly,org.jboss.as.xts.xtssubsystemtestcase.testschema,0,23,0,0,0,0,0,0,0,0,0,0,0,0,0,0,2
wildfly,org.jboss.as.xts.xtssubsystemtestcase.testschemaofsubsystemtemplates,0,23,0,0,0,0,0,0,0,0,0,0,0,0,0,0,2
wildfly,org.jboss.as.xts.xtssubsystemtestcase.testsubsystem,0,23,0,0,0,0,0,0,0,0,0,0,0,0,0,0,2
wildfly,org.jboss.as.xts.xtssubsystemtestcase.testtransformerseap_6_4_0,0,23,0,0,0,0,0,0,0,0,0,0,0,0,0,0,2
wildfly,org.jboss.as.xts.xtssubsystemtestcase.testtransformerseap_7_0_0,0,23,0,0,0,0,0,0,0,0,0,0,0,0,0,0,2
wildfly,org.jboss.as.xts.xtssubsystemtestcase.testtransformerseap_7_1_0,0,23,0,0,0,0,0,0,0,0,0,0,0,0,0,0,2
wildfly,org.jboss.as.xts.xtssubsystemtestcase.testtransformersfailedeap_6_4_0,0,23,0,0,0,0,0,0,0,0,0,0,0,0,0,0,2
wildfly,org.jboss.as.xts.xtssubsystemtestcase.testtransformersfailedeap_7_0_0,0,23,0,0,0,0,0,0,0,0,0,0,0,0,0,0,2
wildfly,org.jboss.as.xts.xtssubsystemtestcase.testtransformersfailedeap_7_1_0,0,23,0,0,0,0,0,0,0,0,0,0,0,0,0,0,2
spring-boot,org.springframework.boot.bannertests.testcustombanner,0,117,6,0,0,0,0,0,0,0,6,0,1,1,0,0,14
spring-boot,org.springframework.boot.bannertests.testdefaultbanner,0,117,6,0,0,0,0,0,0,0,6,0,1,1,0,0,14
spring-boot,org.springframework.boot.overridesourcestests.beaninjectedtomainconfiguration,0,83,2,0,0,0,0,0,0,0,2,0,1,1,0,0,11
spring-boot,org.springframework.boot.overridesourcestests.primarybeaninjectedprovingsourcesnotoverridden,0,83,2,0,0,0,0,0,0,0,2,0,1,1,0,0,11
spring-boot,org.springframework.boot.resourcebannertests.renderwithreplacement,0,205,15,0,0,0,0,0,0,0,15,0,1,1,0,0,37
spring-boot,org.springframework.boot.simplemaintests.basepackagescan,0,72,5,0,0,0,0,0,0,0,5,0,0,1,0,0,9
spring-boot,org.springframework.boot.simplemaintests.configclasscontext,0,72,5,0,0,0,0,0,0,0,5,0,0,1,0,0,9
spring-boot,org.springframework.boot.simplemaintests.emptyapplicationcontext,0,72,5,0,0,0,0,0,0,0,5,0,0,1,0,0,9
spring-boot,org.springframework.boot.simplemaintests.mixedcontext,0,72,5,0,0,0,0,0,0,0,5,0,0,1,0,0,9
spring-boot,org.springframework.boot.simplemaintests.xmlcontext,0,72,5,0,0,0,0,0,0,0,5,0,0,1,0,0,9
spring-boot,org.springframework.boot.ansi.ansioutputtests.encoding,0,42,1,0,0,0,0,0,0,0,1,0,1,0,0,0,3
